-1.647556660126558992e-02,-8.829657598572576704e-02,-2.717167935374973364e-01,-1.038534093937997643e-01,6.346936627119115215e-02,-2.366778198805842837e-01,1.568240321932354575e-01,-1.617229746547022007e-02,5.398915377082522116e-02,-1.401239702252154440e-01,2.284111597624646217e-01,-1.912530062242698281e-01,8.870263296953995180e-02,2.280340280625619415e-02,-6.504574989520604811e-02,-3.588020837208507480e-02,-7.985896012990569004e-02,9.160990316529907251e-02,-6.397224969123764711e-03,6.095825335565208808e-02,-9.428296564017585313e-02,5.068637742962689603e-03,-3.354256631573943603e-01,1.291614154611571592e-02,-2.732329353033404740e-01,3.528279270248270705e-01,-5.270048492366330439e-01,-1.055919062220308791e-01,1.295094709333444302e-03,2.176007392027284604e-01,-8.643406346283162567e-02,-2.571938790863545835e-03,-4.731750114430594012e-02,-7.773524112911028849e-02,3.061288448406497206e-02,1.797006699571008408e-03,7.368665920342730782e-03,4.102759258390779873e-02,2.194174652494446098e-02,3.694716212836743341e-02,1.950024909217541388e-02,1.182743105726237823e-02,9.793025934595351104e-03,6.848427907883059343e-03,5.592654695120096537e-04,1.431886808056821866e-04,5.828470766434039156e-03,1.794663180154502588e-03,1.261766075489271187e-03,2.390649034331605166e-03,4.400900239718763193e-04,1.674150628915369032e-02,2.012262150239891093e-02,1.569505484786836878e-04,4.934826793909921107e-03,2.098770735841854265e-03,1.500961420684887354e-04,2.732987624753154682e-03,4.919953018191781924e-05,1.580854255206935140e-18,-1.017889181174115901e-20
-1.202377734453086155e-03,-2.040044855230577214e-02,-1.054824073419791119e-01,-1.574867815580743291e-01,9.664176289606030146e-02,3.104797250095074623e-02,1.589953634930678372e-02,7.251550522025014545e-02,-7.422390214369800621e-02,-7.294957232830245886e-02,-1.551923938608845976e-01,1.286075437220478013e-01,-8.586919252149199933e-02,-4.945799284898826781e-02,-1.041203709823705914e-01,-8.176830719936961644e-02,2.062484581138471218e-02,6.343492500580794752e-03,1.258281452080437304e-02,-5.172644302392602825e-03,-7.829499186348714418e-03,-5.811652154415187718e-03,4.779146920553364875e-02,4.322302829147257885e-02,-7.398434961095795570e-02,-8.372823255259021977e-04,2.218827102460629863e-02,-5.849316498081515853e-02,-1.454506526788266335e-02,-1.214275257251163781e-01,1.502743013530490612e-01,1.240373041679886518e-01,-7.157715823801322208e-02,-4.348462949702384117e-01,3.411978264042720421e-01,1.116944586505368674e-02,-1.456979409707882811e-01,2.712217792191920843e-02,1.201836642498580188e-01,7.663686808057441902e-02,3.666124565682415404e-01,1.948213901603056131e-02,-4.914632210027349707e-02,-1.429591371216287765e-01,-7.442144390493011553e-03,2.361422565659563634e-03,3.731046664143421870e-02,8.823058151219915005e-03,8.340114450568750226e-02,-1.477133195774957448e-02,-9.723396083176853721e-02,-2.232928216991776627e-01,-3.240307019207119277e-01,-1.357816702126535269e-01,-2.955372963534974584e-01,-8.867417268346119985e-02,-5.830033260114212551e-02,3.312279902054651726e-02,8.366689081519081053e-04,-1.084649688495045939e-16,1.729076379001759722e-18
-1.584671684750781767e-02,-8.529732195055694799e-02,-2.668229765590178770e-01,-9.831283194540352266e-02,7.642225988335031583e-02,-2.391388954571548320e-01,1.600882345075576307e-01,-1.719402544939791638e-02,5.924561726900712949e-02,-1.382463129537475632e-01,2.284797839731212976e-01,-1.878019786576670958e-01,9.816840375588292700e-02,2.269769957441874000e-02,-1.867416794900021021e-02,-3.232658299822433606e-02,-8.069099673067665901e-02,5.213964544437739435e-02,-2.256638065078871852e-02,-7.189400027632130395e-03,-1.459938539204103103e-01,6.099886487524295783e-03,-4.161341842952073766e-01,2.562234490938891662e-01,9.373023820430714803e-02,-2.864942836721715014e-01,5.286763552316443571e-01,9.156724209746665288e-02,7.695142084172407193e-03,-1.529446832193291916e-01,1.166386886583645338e-01,9.663307105782694556e-03,3.972405731743317708e-02,4.027600493809815885e-02,-5.758303576937084250e-03,-4.425450251825566866e-02,-2.629549670914389098e-02,-2.486496546682333622e-02,-6.845351856345789632e-02,-2.459274875220420972e-02,1.487488602297811109e-02,-2.531842524079086845e-03,2.556141036403265787e-02,3.272456751219623289e-02,2.154795750851573773e-03,-5.274626074658402431e-04,-1.129531475665645525e-02,-2.732070592030341055e-04,1.246038407201084143e-02,-7.034780858294147586e-03,-1.931910060355496520e-02,-1.176737410656853236e-02,-1.737378934460207663e-02,9.710292488602804625e-04,-1.497167086544143495e-02,-4.572176131436792175e-04,-1.856048252265503091e-04,-6.597803566404311648e-03,-5.409521687721047245e-04,3.369448794014634071e-18,1.403884804712284782e-19
-9.967783593460285280e-03,-3.733578842291795929e-02,-1.235009270947110549e-01,-1.470765947523104411e-01,8.647991036362842610e-02,2.957556291543583793e-02,9.539033264358565134e-03,7.116742398249566171e-02,-5.861743021348933547e-02,-7.397235627703174776e-02,-1.158228245974148307e-01,8.490770565369076817e-02,-6.312100790833488628e-02,-4.917106956079378421e-02,-1.152262223265708430e-01,-1.141225744389553626e-01,1.260048295772235247e-02,2.025225472766475562e-02,2.297978510055648238e-02,-2.140029904923447523e-02,-1.520947622475520011e-02,5.400462200561011346e-04,-2.499426850302044131e-02,-1.058037923585615908e-01,7.583551620173320518e-02,4.977738574112938741e-02,-8.993246670156967992e-02,-6.889874037221698638e-03,6.863790205743664115e-03,-1.295025051215567824e-01,2.735294661635418456e-01,3.145042749820694053e-03,5.234082095005002100e-02,1.602926030365447452e-01,1.204112876848684455e-01,-1.054568311392301561e-01,1.102694362546785961e-01,-1.115786512354252358e-01,-5.092726981924455831e-02,-5.135884643199017247e-02,-4.182510685938582370e-03,-9.196211361752002628e-03,-1.217195062539976058e-02,8.352294981927728401e-02,6.747924843392942920e-03,-7.678802041068247958e-03,-1.331618530256807043e-01,-1.412458338491101584e-03,-1.121919926440214793e-01,-3.870085510676936347e-02,7.207519985713763955e-01,-9.541337636115516940e-02,-1.361510007094869912e-01,6.243016704954425927e-02,2.439674396287722091e-01,-7.402862807789799271e-02,2.291445805120936527e-02,1.570518731647834454e-01,2.461759339044862493e-03,-1.849067621219643361e-17,-1.990757473188749237e-18
-3.469552341616464596e-03,-2.272603824228189295e-02,-1.089488017004839882e-01,-1.548531658729401794e-01,9.095582310510508250e-02,2.723141360251954413e-02,1.441978502815188801e-02,7.556253426630851755e-02,-6.964697242585186909e-02,-7.598555011620958255e-02,-1.437470385285636310e-01,1.247255539387655821e-01,-8.044792501645919858e-02,-4.890536154540405661e-02,-1.071616504876000409e-01,-9.391250365898676233e-02,2.051939981685423769e-02,-1.518259688951836134e-02,1.936507162319408420e-02,-2.245524975188445405e-02,-1.244229416364938355e-02,-2.072363544622720863e-03,-1.091127518532370583e-02,-1.903591926174365984e-02,2.779649694755862224e-02,-5.145988964634450741e-02,1.117615872848024272e-01,6.221436639376331373e-02,4.862302112861221007e-03,3.543110802601247972e-02,-2.765158692051420952e-01,1.255268916830939475e-02,-2.111438954341064989e-01,-1.555171814070737957e-01,3.127161486463532758e-01,-6.221703765130238289e-02,6.487203524899033680e-02,1.005018587479443795e-02,3.936017835475044135e-01,1.212913517250793494e-01,-3.555455727340069150e-02,2.319665892354014214e-02,2.039741753759014564e-01,3.407120360715211183e-01,2.364708585817912323e-02,-7.127494606765189152e-03,-1.354071631496694128e-01,-1.114275154393534056e-02,-6.546863508474005076e-03,-4.941441072696998310e-02,-1.144589092890135190e-01,1.944993578422460068e-01,2.934411957383272762e-01,1.509491457900710432e-01,2.865520399150899844e-01,5.193487219896020940e-02,5.175565951252454611e-02,-9.774159189087602492e-03,-1.036223690521038314e-03,1.465775629007760769e-16,-1.765114455533596154e-18
-1.668815133453936629e-03,-1.906877047642676487e-02,-1.049405850403393042e-01,-1.477606401809387349e-01,9.403757732395523483e-02,3.097017400461316017e-02,1.399243592257221058e-02,6.928930529437060670e-02,-7.306303976489531005e-02,-7.425685609082800787e-02,-1.475125619498149909e-01,1.171611859383097087e-01,-8.758954014497488672e-02,-3.964950780848321144e-02,-8.432849050516376399e-02,-5.141286076278376443e-02,1.430358841655362395e-02,2.995229173565085862e-02,9.361302668440485419e-03,3.353123143523824290e-03,2.256873991418146402e-02,-5.561960750804104125e-03,-3.633311556790781022e-02,5.552834892473271222e-02,-8.509939850896333646e-03,5.062723825330156524e-03,-5.475770563866221019e-02,-4.664886253013347805e-02,-7.651699320751666200e-03,-7.851025935757544039e-02,3.532580059748243184e-01,1.785528936254511811e-01,1.305348270241884351e-02,-7.397970319295027464e-02,-6.249900578353693170e-01,1.844701594763925034e-01,-5.771919775260525576e-02,1.856485746812686910e-01,3.290539130375202959e-01,1.804147322302473710e-01,-2.516877649471602751e-01,-4.297550661668874013e-03,6.162795283041978128e-02,9.164331502860666168e-02,5.637413939317182168e-03,-9.982685159280982757e-04,1.952651443864686365e-02,-8.714731001034564661e-03,-3.388580646129395191e-02,-1.503517036927239439e-02,-3.271485453892716833e-02,-1.217888325915845830e-03,1.322616608470817377e-02,-3.271736267442747897e-02,-6.967549305623818579e-02,6.652850069620476481e-02,2.208504656755209267e-03,-1.200112787994112445e-01,-2.838740600374575762e-04,-1.494529812602233338e-17,5.415485036030582245e-19
-6.120274069605951411e-03,-2.873396880093054620e-02,-5.767185172474460775e-02,-5.483673242138632775e-02,2.593432010594887149e-02,1.427677069943290855e-02,4.098536765612892374e-03,2.743262867028496005e-02,-3.320009410016951101e-02,-3.767979113825492554e-02,-5.373600427587371664e-02,3.417502461738214370e-02,-2.552968489880799718e-02,-3.007538526582913263e-02,-7.135225458268099064e-02,-8.476027673271570306e-02,1.065118770254333547e-02,-3.449542999026465606e-03,1.577704111996824921e-02,1.912983485796063143e-03,-1.779932938996777250e-02,1.594425192404094619e-03,-3.888297357708408314e-02,-1.262284696544456741e-01,3.813859973100344053e-02,4.536605842340742795e-02,2.545163619727318360e-02,2.091091138493930690e-02,1.267617549911480290e-02,-6.276873980335159059e-03,6.923483106549191413e-02,-8.582982295517160853e-02,4.781548283844028746e-01,-8.732611985540308930e-02,2.024291750168132620e-01,1.230820808827522983e-01,-6.932646327968408628e-02,6.155449772621641308e-02,-1.536058618823430907e-02,-2.547145440406383896e-02,-3.013960956415951634e-03,-3.007141575109609308e-03,-1.647192186597394026e-01,-2.476743880665205899e-01,-1.828266565266393681e-02,7.413275801807218263e-03,1.284327273134577285e-01,6.715844775590188755e-03,2.759451136463064377e-02,1.125544929839941283e-01,3.412397264690895937e-02,9.736357610335501234e-02,1.699291913533972076e-01,7.990991693299059895e-02,1.969003777231793650e-01,4.081125969574516538e-02,3.484729136349234979e-02,-6.537158488269426693e-01,-5.602134060001847174e-03,2.910257084841499813e-16,-2.469128284464298435e-19
-1.673003069252417679e-02,-8.810750197448255494e-02,-2.677455063156260473e-01,-9.837221345923274907e-02,7.476940891342359619e-02,-2.479978877415226213e-01,1.651323827977279057e-01,-1.205221027834251640e-02,5.975695555533472314e-02,-1.389457510305537324e-01,2.521312271234430469e-01,-1.377163926705025077e-01,7.882958063520013881e-02,2.825189419013662134e-02,-9.801973263298893735e-02,5.887667857839103819e-02,-1.044452755943354877e-01,-3.996527746482725352e-02,4.338171868978756701e-02,1.909364160829677415e-01,-1.287040856530725919e-01,2.454700376947331272e-02,7.499156803039062069e-01,-1.512020190520459717e-01,1.424625888757464764e-01,-7.935943065307805855e-02,4.150799682274802782e-03,3.356204251131773147e-03,-1.235841088847856005e-02,-3.373107472084647951e-02,-3.183944334584246083e-02,2.589823801359271080e-02,-1.649987540824184376e-02,-8.599184496668218006e-03,-4.325551258228830381e-02,4.138170826157676341e-02,-6.334686750342859857e-03,2.307315622699320379e-03,4.059564236354729766e-02,-2.925929137341830907e-04,-2.498424728565777284e-02,-1.731782706385240084e-03,-2.719542675428718304e-02,-2.337465285483882049e-02,-1.709093938651558460e-03,5.963617059505654387e-05,1.353108029749241917e-03,-3.385337912692614176e-03,-3.412515552944557842e-03,6.769377137642518943e-03,4.627005232997210074e-03,-2.021076015166348334e-03,1.640291706403147884e-03,3.030768582161241613e-03,8.819148371775050593e-03,2.167920266104566597e-03,2.997901068600699638e-03,-1.386555057998828432e-03,4.895042591939981680e-04,-9.885358493812881521e-19,-1.831125801687291226e-19
-9.668963598097300022e-03,-3.701064095637590645e-02,-1.243948566685710716e-01,-1.525656411664517986e-01,8.377264568334118200e-02,3.024055105340899691e-02,7.469213117164206876e-03,7.247228182680502673e-02,-5.959644208380519143e-02,-7.610458914637957539e-02,-1.265239649596465177e-01,8.989166307082681329e-02,-6.347759082238382811e-02,-4.483054144625395199e-02,-1.118220748622145294e-01,-1.436320187181071018e-01,1.833398618668839741e-02,4.631918489585143753e-03,2.320310477868570143e-02,-4.576142250923556642e-02,-4.443422740881631389e-02,-3.025725826340621306e-03,-8.702061610927291913e-02,-1.232066915640857574e-01,1.285076176272094417e-01,-6.803706968618209588e-03,6.131031952578423760e-02,9.373972441854130921e-02,2.504450929532123227e-02,1.269826632537978117e-01,-1.878653367101099925e-01,-3.800492676465266895e-02,-3.746984129112790884e-01,3.345434519496079950e-01,1.219788741543369470e-01,1.992160974672963977e-02,1.813430124426598788e-01,6.403558932487210531e-02,2.357565916407130396e-02,5.385748031021676124e-02,-3.291441612564124375e-01,-5.920838444183602889e-02,-2.626945190759668036e-01,-3.500776257438911743e-01,-2.740790195043054864e-02,1.153148807349413732e-02,2.083535510212995157e-01,-3.323952331276163429e-03,-2.026186012621294941e-02,1.261849915518441778e-01,-1.261652903197449382e-05,1.019977735315331924e-02,-4.384228459851342852e-02,-1.174964582208498365e-01,-2.516532963596029293e-01,1.043761979754059821e-01,-3.779528585578993682e-02,-7.268445896088294826e-03,9.700162859481830779e-04,2.241901673804030918e-17,1.909521424027243703e-18
-1.042033852349305047e-02,-3.775947750023824628e-02,-1.217918888706285147e-01,-1.474036466955025715e-01,8.760148786654942121e-02,4.188057200813419256e-02,4.443149805421813849e-03,7.037780743370791736e-02,-6.049707642021455445e-02,-6.998253772972370945e-02,-1.164252058760201214e-01,8.441949611805243947e-02,-6.665357873544021372e-02,-4.596047558606396882e-02,-1.141541696356584840e-01,-1.123128430693757507e-01,1.351894083871291868e-02,1.368953777008825694e-02,3.145608824110179141e-02,-4.749094831586882400e-03,-3.769072529990916218e-03,2.600612286036104500e-03,3.614967462729402892e-02,-1.189081724199342327e-01,1.774257099093827159e-02,7.689274688446437467e-02,-1.425973147879222303e-01,-2.180195606070864725e-02,3.986477145180650043e-03,-1.561659364388588156e-01,2.740871286526044281e-01,-7.421788833067988200e-02,2.784002850651465938e-02,3.553954090763405405e-01,6.604369505641467797e-02,-1.652604645816233564e-01,5.579136973732191224e-02,-1.367500078620067783e-01,-3.471519590042600467e-01,-1.854580203923239246e-01,2.663018310186538590e-02,-2.209868976511778979e-02,1.954777881251348048e-01,2.495088730933198440e-01,1.791893045416607239e-02,-4.940307389727268371e-03,-1.172659894080232690e-01,-5.001906260600587524e-03,4.613611378913650557e-02,-1.104371481020379603e-01,-4.750299196258035983e-01,3.122997458019251271e-02,3.611745444477225397e-02,-2.712885968159996913e-02,-1.447262816119141426e-01,-4.810684679245488815e-02,-1.133138596060974737e-02,-1.396018730281876064e-01,-3.170831578822830635e-03,6.309892302580208611e-17,1.124350682061997618e-18
-6.009342204801672131e-03,-2.879391066775638039e-02,-5.953545344173648973e-02,-5.841348248466502607e-02,2.376055717387134947e-02,1.440008549676748129e-02,4.132625490208762485e-03,2.936420154804394306e-02,-3.383565755514129914e-02,-3.891408182876967409e-02,-5.873453007565374029e-02,3.733237977308510175e-02,-2.602764351806200610e-02,-3.423779057024423783e-02,-8.356995795884042399e-02,-1.118008491173595881e-01,1.555079439496274973e-02,1.362639099937301614e-03,2.853190894367799851e-02,4.352082609007467025e-03,-2.145779042173834306e-02,-5.609882721425940534e-04,-6.662199817088108877e-02,-2.065670929885748408e-01,7.817801197184442996e-02,4.428045447371273952e-02,1.227915515054599782e-01,1.134880428268465885e-01,2.919286728149353069e-02,1.899109686222993920e-01,-5.303649992773644684e-01,-1.008381800803752615e-01,4.019447057894527386e-01,-1.617420919953192066e-02,-1.893154497630919475e-01,4.858626833063893480e-02,-3.900653084565507134e-02,-2.983422969270880035e-02,2.656344879087665575e-02,-8.201701204184673466e-02,-8.344256204445153757e-02,3.475920150499405004e-02,1.448105966513059395e-01,2.282739135699500821e-01,1.698049526902468270e-02,-7.439834211213143533e-03,-1.122951629443557225e-01,-8.171276239949478576e-03,-3.695597159554043359e-02,-1.262006897464261757e-01,6.243916491892379655e-02,-2.334619677346675692e-01,-3.152488907667165829e-01,-1.140271724789483077e-01,-2.048432194085339775e-01,-1.053541295134177158e-01,-3.339006913779423574e-02,-4.743423948861781592e-02,-5.768705199974608327e-04,-7.822501038923718625e-17,1.234766458132304804e-18
-5.922406755596400403e-03,-2.766559076199429784e-02,-5.748145430947035339e-02,-5.519352962137098750e-02,2.631428615371456115e-02,1.388287896716707687e-02,4.551842466110764089e-03,2.731145904426054982e-02,-3.271443801385597733e-02,-3.603253830783499645e-02,-5.199496785773560781e-02,3.272881531257954696e-02,-2.504955604600014180e-02,-2.981978420945125344e-02,-7.682609985689825560e-02,-8.123726010732537639e-02,1.098355163276131148e-02,-5.454508158491268126e-04,1.368262829776843367e-02,2.752859888233372999e-03,-1.379155670501475833e-02,1.102943999242579414e-03,-4.059521756573190865e-02,-1.144628202637308079e-01,4.413294362741577992e-02,4.651414102514576238e-02,1.049564676220354244e-02,1.210883998953353469e-02,1.087394442565870790e-02,-1.675634382051064547e-02,9.868756891555276189e-02,-8.254989726423846153e-02,4.616536724766040489e-01,-4.036298634500426474e-02,9.559312903840105902e-02,1.672242510045599817e-01,-7.404926168596803748e-02,7.020488360289166285e-02,3.023751240060115753e-02,-5.500489444886745571e-02,-1.404184559087992279e-01,3.841645193530418990e-04,-7.332639904590311508e-02,-1.466345909890703070e-01,-1.106620231584029383e-02,6.999963668036551095e-03,1.241496950371908520e-01,-7.933048705284842517e-04,3.133794606893389179e-02,6.383032846107752900e-02,-2.320157484587143104e-01,9.818810017715953742e-02,1.597920991847029959e-01,5.683306190575325434e-02,7.948084656264786663e-02,3.325789643952448138e-02,1.687468435712712045e-02,7.078535014730886754e-01,3.589658369193070558e-03,-2.180464484088070203e-16,-1.139373053865414567e-18
-2.032701602150048178e-03,-2.095743374550285490e-02,-1.067391500257980907e-01,-1.601084415191807719e-01,9.480042074244209027e-02,3.907382240330087297e-02,1.173841032392182980e-02,7.008998533470571501e-02,-7.327722014480722579e-02,-7.595008539031607164e-02,-1.597594031715134089e-01,1.157517465587911548e-01,-7.665149643262783585e-02,-4.687957430886162402e-02,-9.120175775284089514e-02,-9.664467653338872088e-02,1.996723288806828006e-02,3.119933272635113872e-02,1.598488227956335397e-02,-1.990566608724658390e-02,-1.604420735724739963e-02,-7.303671394332592048e-03,2.351799228798440167e-04,-2.320611683731480315e-02,-1.350362637624620207e-02,4.575461039234694771e-03,7.041100427908823789e-02,5.682463552288729083e-03,-1.028892221213026023e-02,5.172904226095304675e-02,-2.834255672016672833e-01,1.343408108017349334e-01,-1.419787134913560733e-01,-1.152166402947992635e-01,-4.393439366786809352e-01,-8.147515995071774597e-02,-1.379054840270308169e-01,-5.589568880043045696e-02,-4.136852186374465057e-01,-5.116950287497661065e-02,4.170149476196915450e-01,-2.173327442530067783e-03,-6.702886250092854326e-02,-1.881676582216265659e-01,-1.196834693293620001e-02,2.812751440639547906e-03,4.594267353630571149e-02,2.171124768558215651e-02,5.292646106907157588e-02,7.730240155550052727e-02,3.026159635452189620e-02,1.164284614011993624e-01,1.799089022878747890e-01,1.061606632272305006e-01,2.047074832702832636e-01,1.533060517982624132e-02,2.814380567195964161e-02,8.124229187281882536e-02,6.802782107060070934e-04,-8.578086175173219134e-17,-1.462765111069177394e-18
-6.880163552976274917e-03,-3.609064318027239288e-02,-8.662736258212910823e-02,-7.143987480664597267e-02,4.847042948516767230e-02,2.175925648741104321e-02,4.684180171226260195e-03,2.800904426679739004e-02,-3.077494203536504727e-02,-3.852410847668717719e-02,-3.928187105775821086e-02,7.427028081958400585e-02,-4.496975301634295596e-02,8.482237723933716902e-03,7.946886719483706174e-02,8.796420896415003965e-02,-3.821578858991047517e-03,-5.832415791760514612e-02,-1.776922075733557496e-02,3.234682654753833625e-04,4.292621003965205184e-02,1.270571649409632173e-02,5.790305743592120968e-02,2.610934874564153629e-01,-7.194346304295431982e-02,-1.050493231174932374e-01,-5.139579862928754517e-02,-5.291187504573732769e-02,-8.341444999161670010e-03,8.390504990988058298e-02,-3.345411521973589569e-02,-3.963278301872607545e-01,1.092935285085952085e-01,3.488793484940598266e-01,-9.853755308757466969e-02,-1.372399747085766356e-02,1.171696987018335523e-01,6.274524902720120256e-02,2.914889146589294544e-01,1.637310158376022173e-01,3.396583021930370538e-01,-5.336245653926080523e-02,-4.166518082704414455e-02,-9.630030985371378083e-02,-5.949096204192391366e-03,3.171169570067237931e-03,5.139269431100844387e-02,7.855707820171857481e-03,4.811983568531332661e-02,1.653998051894305793e-02,-1.053816147990188981e-02,2.554488208675840394e-02,7.249546060780262535e-02,1.011914630748559502e-02,-1.967483512805531104e-02,-5.272627078061616901e-01,1.593587363529556239e-02,1.497498149248814754e-02,2.219441648730805568e-03,-1.099529015884940018e-16,-2.465775498326725128e-18
-9.368777883462731798e-03,-7.524823801656071315e-03,-3.645788522594228809e-02,-1.237986152004427187e-01,6.364379626283364622e-02,1.948127974428604803e-01,-5.570603834742124394e-02,2.399513688477421941e-02,-1.090884594559972665e-01,-3.485954787061198989e-02,-3.122186061032506954e-01,-4.178084727913188301e-01,2.954989424273978260e-01,4.972971755815400186e-02,2.167071853170715601e-02,1.268060399467212385e-01,1.172115199604409005e-03,-5.914133326931461654e-02,-3.865454580406298829e-02,2.623803067199648870e-02,1.795848577930665713e-02,6.102077830419639325e-04,5.992301785528617031e-02,2.094222805325145209e-01,4.043906532881556826e-02,5.479565012030931243e-02,-1.414484399496415690e-03,-1.261808310405356237e-01,-3.395735677880814402e-02,5.148065109224986974e-02,-1.209340301023131836e-01,5.632583317255457356e-01,2.067880868599191735e-01,2.581028944775483613e-01,1.086435864650680122e-01,-5.202665325231210780e-02,3.090404475347703628e-02,1.626898351610506915e-02,4.267465203916515765e-02,7.941344505541497734e-02,3.496641740608077281e-02,2.020397772976918749e-02,-1.500995451738457165e-02,-1.144432422280332318e-02,-5.900386620222236936e-04,-2.256484683494071677e-03,-1.449889984152469280e-02,1.337428599819092279e-03,1.231696530194466115e-02,-9.493811504932340301e-03,-1.363967255192603811e-02,8.248565990243077878e-03,3.516306773873737954e-03,-3.730925694294246614e-03,-1.817063903369804667e-02,-2.842161213478838072e-03,-1.407237338686409848e-03,3.263528459044984231e-03,6.613140005166599344e-04,4.316522787899702085e-17,-5.922460616939961647e-20
-6.383240173148869469e-03,-3.554378458831208148e-02,-8.265059383331889442e-02,-8.099074586920676500e-02,4.828514491869791841e-02,3.147906820634788910e-02,3.390231903976537349e-03,2.807674129840347088e-02,-3.767644091410188301e-02,-3.788885396609088796e-02,-5.531800327938089790e-02,8.061141106940668266e-02,-4.901116677727941628e-02,7.380854303274791625e-03,8.301408477908482630e-02,8.850529325016079363e-02,-6.110388132464783517e-03,-5.041241830265380530e-02,-1.537382690767207655e-03,2.348405990087934492e-02,3.558973113709118508e-02,1.145919336128273409e-02,8.279955734820135249e-02,2.719328500481999478e-01,-1.271217588631128326e-01,-8.878611752082583852e-02,-4.760187385366307367e-02,-7.907395858642363162e-02,-2.158927743110160627e-02,6.437271140307360140e-02,-3.874931601135533227e-02,-2.841949964386708549e-01,1.382955216083845695e-01,1.480822262336539963e-01,-1.455486131830500615e-02,-3.304960819415959927e-02,4.120251756598995035e-02,-4.388826974968784017e-02,9.036573425464215770e-02,-2.571773370076366194e-02,1.994668536192701347e-01,4.827468005715956044e-04,2.681426839054585134e-03,-9.901022667524878029e-04,1.070223645313293391e-03,-1.541868977873382804e-03,-3.702173857166503324e-02,-1.559412612846036977e-03,2.134060507669463883e-03,-5.127130384618232284e-02,3.138523917653206902e-02,-3.733226326533843620e-02,-1.282322449315272950e-01,-2.971523682605730840e-02,1.614163257193025613e-03,7.911739124795259537e-01,-4.634032513915528617e-02,1.969627884631866555e-02,-1.031359030164447467e-03,4.922744210756376824e-17,3.726380954413322666e-18
2.433217732288087912e-03,-1.648367938331780740e-03,-6.946059432571935477e-02,-1.287874757497742551e-01,8.501444751902705044e-02,3.326666067146109157e-02,2.002370551393711090e-02,5.243333083366442937e-02,-6.071350520796336969e-02,-5.393394629790454475e-02,-1.199451307414777651e-01,1.144452020010692517e-01,-6.932326559894107232e-02,-4.844558835722637471e-03,2.650430335725984660e-02,8.543967141567390677e-02,-2.120320361153109345e-03,2.880581768124824277e-03,1.347501304080450310e-02,4.683651761841785971e-02,7.616184011349015626e-02,1.853485627519691967e-02,1.522294879116619093e-01,5.054367532361421222e-01,-2.274666652561980196e-01,-1.404495267660997304e-01,-1.680592368993751723e-02,-1.808034938936012026e-01,-5.678497521613445898e-02,1.492661076389044106e-01,-6.578152180113869263e-02,-9.415369272166083936e-02,-5.833730138721484465e-03,-2.278851856617525318e-01,8.662861930698707857e-02,7.558072229146622911e-02,-4.301511096940998508e-02,-7.057098912749210085e-02,-2.864717298552181823e-01,-2.447663122709242134e-01,-4.728219289922647728e-01,5.425858489488821768e-02,-2.187490783354215096e-03,2.699529471673917796e-02,8.027204259741225513e-04,8.210571654827200118e-04,2.326192164495889669e-02,-2.316627699048011239e-03,-7.642554009221462497e-02,2.428522059944986100e-02,4.536327722451422712e-02,-1.346025584627371513e-02,2.403515729342595164e-03,2.410530705377972316e-03,2.722021694171873271e-02,-1.946501054320583235e-01,1.590333648970286562e-02,-2.311357472152297809e-02,-1.532174926022134486e-03,2.593071945697828951e-17,-6.753523401086811299e-19
-8.256848119753714549e-03,-2.261335128676595502e-02,-3.998823805664226960e-02,-1.289499060070456726e-01,6.466477928778191497e-02,2.250708392486493459e-01,-7.493646585365819346e-02,-2.000106010344882349e-02,-9.990871044463510431e-02,-7.769395470782203272e-04,-2.855990140128543131e-01,-4.955607607824067951e-01,3.360413698341420119e-01,4.447535821729593081e-02,-4.809347780729925081e-02,1.021895341174070965e-01,-1.377466712246167360e-02,-1.713979656907595184e-03,-5.632440009509360329e-02,-2.056684186094253838e-02,7.569587161563043343e-03,5.192915671958427473e-03,-1.777966830092668482e-02,-1.954004872856469344e-01,-4.649150762320058972e-03,-3.583500203457491706e-02,2.891316211921790558e-03,1.315379381921992219e-01,3.688360165663655266e-02,-4.769464060781700848e-02,1.040208955511417316e-01,-5.121403431456243993e-01,-1.892219296475401158e-01,-2.505350707047798720e-01,-9.519391275443817024e-02,4.988686120664714840e-02,-2.702064894792773064e-02,-1.273577835390796165e-02,-1.892339366183392116e-02,-6.261013057021867778e-02,-2.654468321531178177e-02,-1.838314945335885880e-02,1.710792271862910524e-02,1.696510222516839361e-02,3.962794756444008512e-04,1.997771641665759337e-03,1.543251005318731217e-02,-1.482661079129007301e-03,-7.035719965105797537e-03,1.306699586785214223e-02,1.092475007328451431e-02,-8.802466812805343974e-03,-4.085837771324103695e-03,2.615835028759885481e-03,1.422080197167086696e-02,9.532618051010868787e-04,6.497199459299662916e-04,-4.060664793479745738e-03,-8.742162585625610442e-04,-3.985288047866048002e-17,1.264673385411273365e-19
-2.044213101160586091e-02,-1.130624520072181921e-01,-5.025414062683060401e-02,3.988517049509105461e-01,-3.933554519091249091e-01,-4.346006551775668525e-01,-1.331811881122335617e-02,3.534362983231427724e-01,-2.767368155098712257e-01,-3.151640708602077012e-01,-3.531560325425535662e-01,-4.348758821158554833e-02,5.621004374744069387e-02,-4.086959204566593257e-02,1.597712077134461062e-01,-7.331025011071738706e-02,1.960113571432456347e-03,5.246158611399756588e-02,3.304730656530455168e-02,4.895728927268107322e-02,3.466715920895202530e-02,6.304706511365623656e-04,8.035123858262605001e-03,3.447804341182553189e-03,1.328753311915545354e-02,-1.558029800610517823e-02,-2.837662437435081730e-02,-1.487211746052138905e-02,-1.150462346404536491e-02,-7.914135250003330457e-02,-2.079707614350440048e-02,-3.948288205621062336e-02,-2.500924414689947861e-02,-4.259759225830030138e-03,-5.242023403656814740e-03,3.757683491563551526e-03,-5.669920277470444359e-03,-2.820717917405207720e-03,-7.971787289708567176e-04,-8.381119568817790855e-03,-7.120414184426937521e-03,-1.955865465199961226e-03,-1.725023141076573174e-03,-9.695783885991515749e-04,-1.905832256124291579e-04,7.384177370099026527e-05,1.167827318479960907e-03,-9.732346914761470791e-04,9.298503178936795566e-04,1.855818759641775229e-03,-3.818005957763621200e-04,-1.763756283333223207e-03,-2.774582648666389095e-03,9.135612025070946607e-04,2.314616776914468765e-03,-9.072648137876219987e-04,2.840667867361149762e-04,1.264732882311214723e-07,-1.013722949068698084e-03,-1.619426799783734130e-18,1.975816606021706144e-19
-5.712431894319996116e-03,-6.745705962516426735e-02,-1.364449463020373787e-01,-1.211245428392110218e-01,7.112304907411878818e-02,7.850013151430819403e-02,-2.353747521066541434e-02,-2.354060358674540249e-02,-5.784499488645370932e-03,9.651706955780665897e-03,-4.411350675928314702e-02,1.044739782094660369e-01,-6.780536963392494454e-02,2.135867846506873252e-02,4.496166132250611902e-01,2.944511625517963749e-01,-1.407616234688585100e-01,7.246362004527084899e-01,8.787382266345447265e-03,1.586089286679795152e-01,1.335411668033446297e-01,-3.838016648458629325e-03,-2.116690174132361546e-02,-1.675270411971964690e-01,1.251484056557255198e-01,3.586317039087620617e-02,5.461707639148990351e-02,-4.864563707874618170e-02,-2.723234386539690605e-03,2.504076784187969813e-03,-1.397105064873412072e-02,1.926507643135625877e-02,9.356523483269305053e-03,-4.548462149161720813e-03,4.800727469533090652e-02,-1.830085078664807699e-03,-5.552390654499779823e-03,1.165411904891906769e-02,-4.916620208702163208e-03,2.294997804839146033e-02,-5.236762143531662958e-03,-5.848652054926792472e-03,1.166624491761001498e-03,5.979505878083962722e-03,3.114393727371078321e-04,7.446163289041591443e-05,1.796868060490348917e-03,-1.997143392327220025e-03,2.822343941864313699e-03,-1.320744579242342023e-03,-5.005346032940075074e-03,7.732760839284279208e-03,6.777484111823228047e-03,-3.714543879790803416e-03,-8.629954370736117597e-03,-6.448585771802162712e-03,9.317489455043662452e-04,2.485575579781452299e-03,-1.951478248187632372e-04,9.449577376041998433e-18,4.566970045376083973e-20
-2.733550594779031798e-02,-1.276622623939042134e-01,-1.546548253200817624e-01,-4.803158494806702289e-02,1.686906162655137792e-02,1.125491007377129316e-01,-5.313525719178152640e-02,-5.225032410242375081e-02,1.910446156984541705e-02,-8.375308302414966044e-03,5.563366160282218198e-02,4.858639853455366808e-03,1.411620476003445923e-02,1.164125426938556265e-02,4.254074546008864699e-01,-1.782767485197127577e-01,3.477407180740726272e-02,-1.824064717554251813e-01,1.809547326858391633e-02,-1.105201065153111825e-02,-2.478312939816497765e-02,-1.341620121152636153e-02,2.196982800469991781e-02,-1.264798633526548199e-01,-4.008737243889149426e-01,5.711315933545085821e-02,4.336727070221081670e-02,8.410471744486829049e-02,-7.379501670786181924e-03,-3.651177223876632683e-01,-1.117970004200302958e-01,1.179976339863467311e-01,8.805999958862857288e-03,-1.481820437647839855e-02,-8.800152838504429753e-02,-5.390259224196782689e-02,1.124898360730686858e-01,-3.037556703002684544e-01,2.478208813400039068e-01,-3.212764380122237196e-01,-6.114816483146807979e-02,-5.708207565492975921e-02,7.474277453289653039e-02,-1.447927079265173556e-01,-6.165560633451873038e-03,5.297698240892035476e-03,1.394052743612171907e-01,4.215876617376683108e-03,1.229499122327948335e-02,1.820803534890347297e-02,8.241275711290241279e-03,1.411260665730731945e-02,2.721101121067089068e-02,-8.249539696599207314e-03,-1.013786725812367701e-02,-3.639565796181785939e-02,-3.021494350346014789e-03,-1.023081377764265346e-02,2.325005340209994071e-03,-1.064208186928894438e-17,-4.951766539168578378e-19
-5.874849822777184621e-02,-1.870666697100729359e-01,-1.446340667860326057e-01,2.807674931710895175e-02,-5.467815955497938585e-02,1.681696056746672108e-01,-1.330380038066886761e-01,-1.212377667675083349e-02,4.045571639116526258e-02,4.727696971002628978e-03,7.879364085649208371e-02,-2.706764997933561179e-02,1.432867895717945816e-02,-1.876667297046923089e-02,3.232630606021210107e-01,-3.269590615002681555e-01,3.522118009918260434e-02,-1.784672537871596631e-01,8.760483705811414334e-02,7.691005386678208267e-02,-2.996110433964379108e-02,2.053915643529581267e-02,-4.468417441239028176e-02,1.070663472928120169e-01,5.437155915170690523e-01,-3.808720339025202517e-02,-1.087882431012633516e-01,-1.165398723516466589e-01,3.336117346849293633e-03,4.119235757183986046e-01,1.676481707421893230e-01,1.589275880248318742e-02,-6.144402694711980500e-02,-1.387144696233038599e-01,-1.546171004743805699e-02,5.943479064688646230e-02,4.038512244843069088e-02,-1.044030815372692655e-01,4.219404421942263977e-02,-1.698460005348974289e-01,8.503049599689042892e-02,-1.674856004505880305e-02,8.993599180141374771e-02,5.199617274774744752e-03,3.332087417785549281e-03,9.821243927573414245e-04,3.723093310583713150e-02,4.649813789561939303e-03,2.310660192351488007e-02,-4.920409562417476027e-03,-1.878078733384574983e-02,-8.478301134568731745e-04,1.311143814764919799e-02,1.867425397400970452e-03,-8.652374959698533319e-04,-4.757089507456527255e-03,1.013233190939601255e-03,-7.878003606077921966e-03,-1.258778832406883116e-04,-3.901822563940668566e-19,-7.580767523877983958e-21
-4.222740178643549780e-02,-1.652627814110499138e-01,-1.615567378615783700e-01,-2.428875852508571853e-02,-2.066577484407201154e-02,1.491619849155810251e-01,-8.857731871066032436e-02,-4.352846814246728868e-02,1.489713832216497599e-02,-1.064545582784833661e-02,5.046760610290935978e-02,7.846874500098174887e-03,4.725452747647677920e-04,8.720922605979597106e-03,3.782109863999870147e-01,-2.112758516179922830e-01,3.964013184824487918e-02,-2.237971019502058567e-01,4.648581850527537529e-02,3.500315052496797558e-02,-3.231960242394320976e-02,-5.129947628798193354e-03,4.250670066119319190e-02,-6.074679599421416859e-02,-1.705082018872588756e-01,1.638017514047263729e-02,4.722022023895092180e-02,1.244624895944125564e-02,-1.760878752628412119e-02,-1.148532345586302794e-01,-4.102040846187447048e-02,-7.093277330303385253e-02,-1.725741267387382802e-02,5.484144723967829260e-02,8.069632729667569615e-02,3.311442496074574332e-02,-1.843669127601228475e-01,4.075308679756614039e-01,-3.015309265074335721e-01,4.540825967425486942e-01,-8.159840300163234694e-02,9.114674843965420159e-02,-1.537945484105494587e-01,1.534796371903955348e-01,3.554397344766469652e-03,-6.552012048057267654e-03,-1.780953969407955140e-01,-1.064159999590115653e-02,-3.125511754421236854e-02,-3.122026281555331535e-03,6.466230072434964171e-03,-2.191302402062323545e-02,-4.381436953201673506e-02,1.797757824157273504e-02,3.540591810608069434e-02,1.637234389979275867e-03,3.829782512389124510e-03,1.898012592232453319e-02,-1.343491091025770297e-03,5.277355119521258443e-18,4.254087491665990080e-20
-2.366750357880855263e-02,-1.299676318896187122e-01,-1.131984432378448369e-01,2.741949755027715818e-02,-4.798647737197328511e-02,3.749218927226687093e-02,-5.659154374135511034e-02,-1.806187647669021956e-02,-8.081553002150927006e-03,-1.823746186004216938e-02,5.827173361739639013e-02,4.640842903425616145e-02,2.687012369104960566e-02,-2.237356792670388422e-02,4.166831972197004852e-02,8.176651980959809274e-02,-9.433175739853527642e-03,1.173187890051392152e-01,-2.858680822130237331e-01,-7.614878650376311064e-01,-2.783534350706026173e-01,5.957922926916686679e-03,8.634424830905648718e-02,8.876807462137539795e-02,2.191141611816883883e-01,-4.886358630904821809e-03,-1.772399168462062136e-01,-1.417612938491742136e-01,-5.779973180632038549e-02,-2.180600746042030968e-01,-1.343666155347206792e-01,-2.927510551935278565e-02,2.863388869954916829e-02,-4.771167928810965408e-02,-1.085379735460646061e-02,2.509961486688153803e-02,-1.892161994902354441e-02,2.811394438864699141e-02,-1.125301108359394106e-02,3.791313306044707520e-03,-4.717089806524191187e-02,7.525725887631708839e-04,1.240088483766725938e-02,-7.973013542749637916e-03,4.584918357619562762e-05,-3.506439500468977975e-04,-1.765178703394633397e-03,-1.321485974063837899e-03,-1.229802642037281825e-02,-6.212476945875444571e-03,-1.656348904624607710e-02,-1.497588106371717902e-02,-1.026956338434686575e-02,-5.679934336730949745e-04,5.236309658000194885e-03,3.593027235963009922e-03,5.153611998593441226e-04,-1.003986036337495627e-02,7.223854507271159795e-04,7.526740639262846853e-19,-1.697288067691900918e-19
-6.290092570045754949e-02,-2.480221966605748452e-01,-1.065326251127016177e-01,9.494668605101515280e-02,-1.598946018611538400e-01,1.693095925849860128e-01,-1.377126065258295617e-01,-4.627814044535909221e-02,-1.473203603981899576e-02,3.353400046009833400e-03,8.546092842023700342e-02,1.723013459738416409e-02,-4.674009580343545592e-03,1.659267028380163878e-02,-2.290349710616642331e-01,2.237794709085681732e-02,-4.619118534161881576e-04,8.719485233170656824e-02,2.620814209099334158e-02,7.680197184881809580e-02,6.781832693601802520e-02,-2.839650941730711628e-03,-1.161879785072871679e-02,5.054570089571504277e-02,-8.023263650996738383e-02,-2.219000452359107256e-02,1.435868236129897446e-02,1.450329891787290049e-02,-5.593144235815325147e-03,-1.267395144733831913e-01,-6.010702769993698374e-02,4.288392358825746098e-02,-5.487923962386910548e-02,6.953043596369103130e-02,7.770887672616516584e-02,6.200253771028446659e-01,6.104235074704877917e-02,-3.945066068480375387e-02,-8.335059625773044711e-02,-7.707453034152164650e-02,1.785580563819138267e-01,5.007129673574636092e-02,6.410420872794139746e-02,1.293762241217042142e-01,9.781759449213368873e-03,-3.341706386632461567e-03,-6.058093568235552867e-02,1.357319550286212925e-03,-1.988071932128197133e-02,-5.850138225476454734e-03,2.062434765135037207e-01,1.752006854165717997e-01,2.617953170774307559e-01,-1.201444330552344508e-01,-3.068113854911699856e-01,2.530003501935349300e-02,-2.131112318446739054e-02,9.393670312033881604e-04,-3.616025175741392392e-04,1.775338752679558251e-16,1.998544627625320786e-18
-6.413343961749881639e-02,-2.494226062558001500e-01,-1.053938470229680568e-01,9.511088482748424056e-02,-1.618320257454109456e-01,1.673355211162840805e-01,-1.420112090272533933e-01,-4.541275945301788408e-02,-1.465953805916482902e-02,2.086297488283367710e-03,8.582980839821904850e-02,2.395881473502135123e-02,-5.923536415059423542e-03,1.955731295296754546e-02,-2.208355218742427684e-01,5.500615397061812961e-02,-5.161852535188463618e-03,7.162705930531550191e-02,1.512111888997371215e-02,7.784579611218435391e-02,5.683468615598877283e-02,-4.397784863771096384e-03,-2.666428489793532669e-02,3.724316017584078375e-02,-1.486474841279464276e-02,1.392115403831578613e-03,-2.206103266594891532e-02,2.421789742381898897e-02,4.798811674311405373e-03,7.597140639977392751e-03,-1.719563987803668717e-02,-1.022733638301853015e-02,-1.352073211838749067e-01,2.498429269281687293e-01,2.514820778840043403e-02,-3.567235821701369991e-02,-6.824793297953971605e-01,-1.872350529346801518e-01,1.729241965802859604e-01,-4.512478207427350618e-02,-8.317610600277558497e-02,2.323140322737185515e-02,-1.005976032004952253e-02,-6.813402045011673902e-02,-3.958480970097346535e-03,3.219996941625986094e-03,5.621540515845651481e-02,2.800866750497470539e-03,-4.089529615623598707e-02,9.142532578367182361e-03,-9.589586608794693767e-02,-1.226990814634809912e-01,-1.808906115251564528e-01,9.332674331977305893e-02,2.419395589715043482e-01,-2.718720786179158744e-02,2.066346687541795527e-02,-1.558249899564754029e-02,1.434513541382132537e-04,-7.810027646570703958e-17,-1.615821604163851135e-18
-2.668029393855185158e-02,-1.398273282402261453e-01,-1.131896788801489973e-01,5.547640720075990711e-02,-8.624572453403707428e-02,2.517012945411845060e-02,-6.511472170394350112e-02,1.661182456706630090e-02,-5.838470167545725675e-02,-5.487459004891694081e-02,-1.364700419717831265e-02,5.827908605876618714e-02,-2.804961296183448513e-02,1.732165731495782790e-02,2.470457660638982270e-02,1.564327479168856616e-01,-2.215866228698575024e-02,-5.698816344201981798e-04,-1.373053019140894060e-01,-2.862551777251133855e-01,-1.365314482229414150e-01,4.860569979929394921e-04,1.192605618575196536e-01,-1.686882677087865601e-01,-3.766439710195553237e-01,1.526957934743306683e-02,2.563273796028699425e-01,2.501520402541364541e-01,9.844488762496726719e-02,5.924393032266561665e-01,2.981252404169797976e-01,1.276817791608854669e-01,1.722584251427584923e-02,1.460959844213453179e-02,1.943759158200599607e-02,-1.188875406996959747e-02,7.258792544940649571e-02,-6.609055272426613004e-02,-2.376491745258059451e-02,1.201308269860019290e-02,4.374838082302994618e-02,1.073565833704220309e-03,3.275790241279469273e-03,3.976053079365993170e-02,2.033896485696332426e-03,-1.193942952755297320e-03,-2.986913609477911610e-02,8.736699868623243759e-04,1.024291809401113064e-02,-7.457552784567918550e-03,-4.584730643405698913e-03,9.729937971248537459e-03,1.894480055033811311e-03,1.752760424769497479e-03,3.407017982318925886e-03,-9.130509777709832492e-03,-1.634468032006819969e-04,9.635765226291122254e-03,-4.933095061853598386e-04,-1.556626778850227479e-18,6.312599118554282896e-20
-6.477926869862353498e-02,-2.533688516447505368e-01,-1.075732308510168600e-01,9.972877653578932078e-02,-1.671868509677699455e-01,1.732105259483963655e-01,-1.426800118083615398e-01,-4.642711819966990894e-02,-1.494193381666251465e-02,1.237385128939627339e-03,8.959037920087170592e-02,2.366030055951050953e-02,-5.868950809991710371e-03,2.164084492000429086e-02,-2.319672173259655912e-01,4.726362366994968367e-02,-4.880996350194594102e-03,7.745238929418279961e-02,2.852888763143458795e-02,1.136756909933286236e-01,7.348960349829536387e-02,-4.718907950495778922e-03,-2.593374586168824270e-02,5.330518410739566726e-02,-2.608102108326514762e-02,-1.887778777959758791e-02,5.786743852641274000e-03,-2.127704340688527096e-03,-7.095734799889331229e-03,-9.776886784729901803e-02,-4.230915256652972856e-02,5.164270278848690637e-02,-3.181254627493836085e-03,-1.036482432296992745e-01,-6.746127614606807488e-02,2.294007831774046158e-02,5.707411668857141906e-01,1.532842329766178624e-01,-5.732295752909467856e-02,5.061897550175976923e-03,-4.415717124369417101e-03,-5.482386162497433074e-02,-7.142650094960506513e-02,-4.797233539629090771e-02,-6.260231002500052898e-03,8.216332238250921398e-04,5.271915742611727601e-03,-3.829476347809807491e-03,4.121574763719586254e-02,2.365408623224757312e-02,-2.354197184400283194e-01,-2.046797399896524428e-01,-3.046847162658593566e-01,1.385485541682040522e-01,3.592048686696429072e-01,-2.054844124739948694e-02,2.090962548735264895e-02,-6.779319374068819987e-03,4.440096210649376344e-04,-1.454402580629401948e-16,-2.233511697075440642e-18
-6.358644678238349612e-02,-2.481730003553133668e-01,-1.058011711331758170e-01,1.021150641443035606e-01,-1.615824919696497164e-01,1.643639530710124808e-01,-1.399605746348905611e-01,-4.297696140220245986e-02,-1.835157851281516220e-02,-1.342816864740609996e-03,8.317959122870344224e-02,2.724802895827371091e-02,-2.099750849166302866e-03,1.590474036401312574e-02,-2.073434807375376665e-01,3.620981615409780974e-02,-2.931690265115001817e-03,4.174790438883955318e-02,2.622988428492643506e-02,9.240514519034195851e-02,5.350925268425997527e-02,-1.914307914495374466e-03,1.633170609325841627e-02,3.565922964939781392e-02,7.891682933422697332e-03,-1.678771011129168156e-02,2.848346862268397173e-03,-4.515658444008710526e-02,-1.281993618400734808e-02,-3.040440663848421182e-02,-3.794152781951562817e-03,-4.475203867723886314e-02,1.576287577899381509e-01,-1.915192981901459590e-01,-5.245632234561059537e-02,-6.637389836781363295e-01,2.278231089274774732e-02,5.881254432217883354e-02,1.975765258901683585e-02,1.021226099788149350e-01,-1.015831384296971285e-01,-2.251220031781319547e-02,1.500651443985150102e-02,-4.994759634706499168e-02,-1.403683483392045329e-03,5.037868285700102281e-04,3.041462922644268957e-02,1.614592035735457759e-03,8.799085824458896879e-03,-1.998094240347712131e-02,1.488489259182112501e-01,1.651143167670683642e-01,2.513734441623788340e-01,-1.202105592519512878e-01,-3.191210121223428398e-01,2.269981045446714182e-02,-2.013983909914111164e-02,1.871456797742353587e-02,-3.843963146533651144e-04,5.201116697320568163e-17,2.000463977776778455e-18
-1.429211653518215261e-02,-8.286294574133204471e-02,-8.106333588032159365e-02,-6.810828907089744311e-02,-1.149772982331208164e-02,1.830838074422858064e-03,7.516381689780159137e-03,4.011610554968128572e-02,-8.120363953867318352e-02,-7.819020024747522224e-02,-5.565196026691043851e-02,2.225480214631096187e-01,-9.950012711874553495e-02,1.027167567820635452e-01,8.627868065241732498e-02,6.547243716908246469e-01,-8.435247424914238401e-02,-4.785852589705422155e-01,-7.631780564294314562e-02,1.920710307003337114e-01,-2.002898283630460130e-01,-2.015429889271532979e-02,-2.067334015244391976e-01,-1.126840573539067414e-01,2.055875099687663465e-01,4.672881057605077215e-02,-9.374629637569226182e-02,9.021987355112157103e-02,2.339050896551097408e-02,-8.499782840757248714e-02,-2.651685400492455671e-02,3.985977239001532724e-02,-1.437797194654208410e-02,-6.324220853530185260e-02,1.271660468713632815e-02,3.385242451019746662e-02,-1.103629573140129348e-02,-2.172773676434273937e-02,-5.734960814364564730e-02,-2.617700118757713967e-02,-2.515643380709692983e-02,3.446932956161517791e-03,7.027695405178389573e-03,8.018944160504150841e-04,1.107354998123333018e-04,3.139486984347990739e-04,3.485897849047796433e-03,9.633975066104998129e-04,-1.300367121242641463e-02,9.280498053942497910e-04,-2.052558172665613911e-04,7.598172321770027549e-03,5.433999865354005587e-03,-8.075486772436309135e-03,-1.523237616087144003e-02,-2.003148405926283293e-02,1.926039407683345465e-03,-1.444702446537951546e-03,6.032001285324753784e-05,4.109572169759809843e-18,-3.772429926228622857e-20
-9.973604915708766255e-03,-5.558455030743036929e-02,-1.696299261216979160e-01,-4.868428450384273964e-02,5.218702465313229677e-02,-1.322420925922428991e-01,9.100833552807839621e-02,-1.045806680828883020e-02,3.060074470027260296e-02,-6.997525077392696691e-02,1.038874361690137471e-01,-2.589340052555316740e-02,8.423414369611581520e-03,2.549098354186346560e-02,1.531620627482250044e-02,1.219409650584973859e-01,9.744133789436310034e-02,-1.954015732454674192e-01,-5.954615441179120922e-02,-2.815528171463000939e-01,8.573242661138505971e-01,1.152892866891067070e-01,-1.895178858752720463e-02,-8.749914024520676070e-02,9.495197289551762787e-02,2.689053655019804298e-02,1.062934860857610471e-02,5.463725522533954132e-02,-1.671565142451319694e-02,8.676348574601939340e-03,-1.081057392854828381e-03,4.297406216025161096e-02,-6.260787286091328008e-03,-2.710170846365211189e-02,1.354187435407494186e-02,-5.074115823252706159e-04,-1.140578165260546298e-02,7.084131150844101554e-03,-2.662201877565194275e-02,-6.083819560868813925e-03,-8.624698830848561478e-04,5.083829400938985783e-03,-8.213979400564015709e-03,-3.986977167647381276e-03,-3.569256570303013833e-04,1.421660802211835309e-04,1.385660276007127240e-03,-8.940349770406734497e-04,-1.223937936922685731e-03,-4.136537565983221254e-04,-3.029170865983810135e-03,-1.468723159488714673e-03,-1.447456433254775765e-03,-4.598957473913150781e-03,-3.930045967157916320e-03,6.872990441973566948e-03,-7.678665874321778488e-04,7.020223702862565807e-04,5.780116921708089699e-05,1.507072949901908661e-18,5.313968235812552220e-20
-1.862632864526476972e-02,-3.493205428823632080e-02,-3.153979558390147125e-02,3.586908641555138638e-02,-3.137552474453843276e-02,-9.408659976888036902e-02,-3.131406058142179039e-02,-3.210534726237453396e-01,3.535690337030938379e-01,-1.496253152165860634e-01,-2.588664357016749462e-01,4.025338890423983684e-02,-8.590549157896504306e-04,-3.906266519386011882e-02,-1.465661082169399457e-02,-1.189307854866858416e-04,4.191139531326914386e-02,8.346951495732151532e-03,-3.081388385231390720e-02,1.652748096280049622e-02,-1.290477078981545900e-02,-2.071739830212221758e-02,-1.921503301085261683e-02,2.602210387719519277e-02,3.648255497306328310e-02,4.550912155801040138e-02,1.286925443497897656e-03,-2.547100299246285362e-04,-1.531439814654566092e-02,-2.907319455170614964e-03,1.136960441275700062e-02,-2.465833597397769014e-03,-2.305536873387775687e-04,-4.352217386426562862e-02,-6.501478399604518343e-02,-2.545398718056693377e-02,1.861634997381659065e-02,-1.407863106464692649e-01,1.254555078175264571e-01,-1.551256323006742210e-01,1.208099593611056122e-02,1.184883743128389011e-01,-6.168160767114165832e-01,8.016869593702075081e-02,-1.838877908873619640e-02,-1.178642217693040908e-02,-3.880454618076747408e-01,-1.901822201295760503e-02,-6.082918039266851234e-02,-1.286781206375379183e-01,-9.542335174993926694e-02,3.456196281404647075e-02,5.937263894867003677e-02,8.636746123905438693e-03,-4.165226702467241665e-02,-2.504805509778036329e-02,-1.611411604742018014e-02,-1.092819993610605334e-03,-5.074756366714298396e-05,3.010485851876815359e-17,2.873379076120768186e-19
-1.801964398943285695e-02,-3.315075164790462492e-02,-3.132058623962603178e-02,3.895614725496730768e-02,-3.258915697132734601e-02,-9.694576034491970973e-02,-2.970456036520427445e-02,-3.249611420933943284e-01,3.483237555718960432e-01,-1.538931657076363368e-01,-2.592691583836781999e-01,3.534041045259729563e-02,-1.021242772677316557e-05,-3.899896583558121188e-02,-1.016087700446192260e-02,1.763786137558176047e-03,2.858013895739926202e-02,-8.687539600443390519e-03,1.290576064920678084e-02,8.937986432157721262e-03,-9.892465337847601917e-03,-2.169741505040422361e-02,1.461912063523794492e-02,-4.175009457258977569e-03,-1.182327952166416229e-02,-1.968856364717894852e-02,6.629992277569735776e-03,1.075188676269744036e-02,1.149557186529208061e-02,7.752570827135617237e-03,4.206290780568833210e-03,8.574430464096550325e-04,2.548583042131721821e-03,5.689493758951908592e-03,5.047196880706321387e-02,2.118091343116071390e-02,1.812811164755231616e-02,8.878549852135242393e-02,-8.614917665050350615e-02,1.136717065311706187e-01,5.669231768957907341e-02,-7.336321958454458669e-02,3.529001224460505681e-01,-1.490344702629267382e-01,5.518704772672594454e-04,3.809725536605551577e-05,3.067237623434007077e-01,6.467123560011489580e-02,-5.531969888577836780e-01,-2.606857309301259251e-01,-1.923071779949651200e-02,1.327009870898828575e-02,-1.206599519630841694e-02,1.311094089686624942e-03,3.539707888790991075e-02,3.503628117051703350e-03,-4.561329468364430824e-03,-5.385664185731886544e-03,-2.546786988290522871e-05,-1.364722032237318584e-16,-1.768024245045565495e-21
-1.806616203112343388e-02,-3.333206182649749161e-02,-3.206383982604076727e-02,3.647679974836967598e-02,-3.193938921271257531e-02,-9.358226269136867004e-02,-3.001413905880040423e-02,-3.172241167025022235e-01,3.410317126860604175e-01,-1.477928090789604743e-01,-2.539141505120348641e-01,4.691585835448690289e-02,-5.559844797218167767e-03,-3.368495834234561115e-02,-1.653966094607120865e-02,2.228189900681690205e-02,3.978128231066179604e-02,-1.062921398936872777e-02,-2.024598603757137016e-05,4.182436393896616159e-03,-8.776880935377491533e-03,-2.563504801726743804e-02,1.695171186762027549e-02,3.660320369366160814e-03,-8.897346749840644858e-03,-5.321272040271161560e-03,-9.968131399183724137e-03,-1.143476424763782348e-02,-1.708193438078988227e-03,3.651609509948354482e-03,-3.495394042686783553e-03,-1.474324904609115340e-02,-2.716178506179320329e-03,4.916071100739040356e-02,1.849046082467367680e-02,3.896118806055615114e-03,-2.880004683822860734e-02,4.683752220068772981e-02,-4.093819239505452207e-02,3.545165974859015856e-02,-7.062872547430121273e-02,-4.678426830136205028e-02,2.759971586218470385e-01,7.434267877307183803e-02,1.853279566567638675e-02,1.205380499853223042e-02,8.321889035281711255e-02,-4.495388806461086961e-02,6.254330084905106446e-01,3.964447615254971247e-01,1.169598590640664459e-01,-4.846367782430604371e-02,-4.762620686666138581e-02,-1.142242285208202451e-02,6.427160250830588409e-03,2.178882546665396325e-02,2.097493418619273201e-02,6.301564620495733737e-03,1.051008259490573103e-04,1.096660882801648646e-16,-2.904628627072003856e-19
-2.883776422655622840e-01,-8.638837477257968467e-02,1.403199699982196624e-01,-1.198019729429676133e-01,1.568450142778927969e-01,-1.113948476832312406e-01,-4.052868602115324848e-01,6.034652102979444210e-01,5.428561951911019534e-01,1.966666587745247163e-03,2.945496564494508307e-02,-2.565706330298362509e-02,5.381911759615755353e-02,7.242687452574578244e-02,-1.682141901235687659e-02,4.597666343129375166e-02,-1.010556390947894324e-02,3.566003511689109368e-03,-1.940177913851193550e-02,-4.003187731675055677e-03,5.364497449343075090e-03,6.854283093546656609e-04,-4.496358382944397325e-03,-1.783453805473370415e-02,-3.849220136322370478e-02,-1.091417697133576642e-02,7.286157316694075181e-03,-5.487185580586566996e-03,2.078305710974311452e-03,-1.138536917184390651e-02,-9.977808048013847575e-03,-1.486963709006295514e-03,1.121730884413793539e-02,-8.242309122438895574e-03,-4.448871043739810460e-03,3.374710578148844287e-03,-4.987862847786052323e-03,5.097267761750781320e-03,4.294192975730498629e-04,3.696782124754140197e-03,-3.296028113402973969e-03,-3.953196291735625208e-03,9.041095152800965318e-04,-4.321398378829582887e-03,-1.302860981853750516e-04,8.356244316690651652e-05,2.769835802063011498e-04,6.029954423796262536e-05,-3.673517251293056951e-06,-2.219519626653204680e-04,-7.128332587225949535e-04,1.250089266919121589e-03,-4.355962349633091257e-04,-4.911245436685571231e-04,-2.554990194440498463e-04,1.360114850844879736e-03,-1.303679727074590067e-04,-1.093779184393739445e-04,-2.945409413202090994e-06,-1.033868046780366078e-18,9.342183406940047148e-21
0.000000000000000000e+00,0.000000000000000000e+00,0.000000000000000000e+00,0.000000000000000000e+00,0.000000000000000000e+00,0.000000000000000000e+00,0.000000000000000000e+00,0.000000000000000000e+00,0.000000000000000000e+00,0.000000000000000000e+00,0.000000000000000000e+00,0.000000000000000000e+00,0.000000000000000000e+00,0.000000000000000000e+00,0.000000000000000000e+00,0.000000000000000000e+00,0.000000000000000000e+00,4.701977403289150032e-38,-9.629649721936179265e-35,0.000000000000000000e+00,1.540743955509788682e-33,-2.524354896707237777e-29,1.615587133892632177e-27,0.000000000000000000e+00,4.235164736271501695e-22,0.000000000000000000e+00,0.000000000000000000e+00,-5.421010862427522170e-20,6.938893903907228378e-18,-5.421010862427522170e-20,-2.168404344971008868e-19,-2.220446049250313081e-16,1.387778780781445676e-17,-5.551115123125782702e-17,0.000000000000000000e+00,-3.122502256758252770e-17,-4.510281037539698445e-17,0.000000000000000000e+00,0.000000000000000000e+00,5.551115123125782702e-17,6.505213034913026604e-17,-4.163336342344337027e-17,6.938893903907228378e-17,0.000000000000000000e+00,-1.231653667943533037e-16,2.038300084272748336e-16,-2.775557561562891351e-17,-2.636779683484746784e-16,-1.283695372222837250e-16,0.000000000000000000e+00,-1.665334536937734811e-16,-1.665334536937734811e-16,5.551115123125782702e-17,-4.540638698369292570e-16,5.412337245047638135e-16,-2.324529457808921507e-16,-8.552186736565658975e-16,3.261280134836397337e-16,-5.178602738417550228e-16,9.999999999999997780e-01,3.622539432203825521e-16
2.911201251350254426e-01,-1.814070942235255224e-01,8.709031463335549506e-02,-2.191049405779961490e-02,2.092522173157958590e-02,-6.582108974930934303e-03,1.660527408068258187e-02,4.824171498642883943e-02,6.076946461049192311e-02,1.143856202349803272e-02,-1.680821863957742898e-02,-4.677097859222084653e-02,-5.306982050158585984e-02,-6.974507073203890795e-02,5.341583238834563679e-03,1.037908113019810064e-02,2.589076686860932591e-02,2.734924124473005376e-03,-4.291996983099118784e-03,1.491502362915752937e-02,-3.218066315779100767e-02,3.033952238711814520e-01,-5.354223392158866113e-03,2.090933390712395278e-03,-5.280269018110933521e-03,-7.660922373684910837e-03,1.314342694762918665e-03,-2.315588305833835361e-02,1.405814750246717204e-01,-1.565116055748505194e-02,-4.556238191171155943e-03,1.283831959378986531e-02,-5.943407086574419018e-03,1.872941943106776197e-03,-2.523927931602318320e-03,-8.185978731101373890e-03,-6.888268916538674291e-03,7.581730868424372410e-03,-5.297125968782366578e-03,5.125508183826295305e-04,1.415071889795979643e-02,-7.212721577678084250e-03,-5.224841130994663935e-03,3.620668140709465410e-03,9.930883269415029940e-04,-7.209500800435587366e-04,1.814078929475916591e-03,-2.977261737779490214e-01,-7.916260837968633335e-03,-8.757732312614105452e-03,-3.494085835501620219e-02,-2.609577847651224636e-02,8.877688902646277413e-02,-6.935231142420245076e-01,3.200816462585182043e-01,-2.612339858214884208e-02,-2.428425553080911792e-01,6.199189320667415279e-03,4.838556248290352404e-04,-7.090486503446560913e-16,6.232652127060820189e-18
-2.294024629864431786e-01,-5.314787640155803350e-02,7.062832170603254578e-02,1.856919343881871607e-03,-5.486917384410738494e-03,3.279030947583041339e-02,9.785783902950290214e-02,-1.456003251169535676e-03,1.895943239079166814e-03,2.184565975087687101e-03,-6.894550051259933088e-03,-1.669907759590709417e-01,-1.963396475162148547e-01,-2.649054909731722307e-01,2.445498191878387600e-02,1.229879362229803902e-01,-6.211730456039327858e-02,-5.194905346944020050e-03,4.419696111892005841e-01,-1.505305960503381391e-01,-3.773291022999692573e-02,6.428149171108524240e-02,2.918382244613226470e-02,9.347088404974197851e-02,4.694488221840294878e-02,2.165746552393088276e-01,6.242885142364980322e-02,1.123662184405968267e-01,3.930267226689628662e-02,-4.155343716545283062e-02,2.414137777452226435e-02,-4.546523728583749119e-02,-2.117302547140778243e-02,1.813207264017498155e-02,-2.537024529971903392e-02,-2.799344133643403426e-02,6.576719250802670613e-02,-2.258694664469574828e-02,2.157995886988624615e-02,1.666286727766096154e-02,-4.080511081359511349e-03,6.576937737233045089e-01,1.057764514646277604e-01,-1.239448158265100269e-01,2.031284188237189679e-03,-4.965603744810379895e-03,1.250993783946549587e-02,3.320489258682033946e-03,2.008642548206952122e-02,5.882750153483879210e-03,-7.956795602701776521e-03,-9.557164073172183527e-03,1.015110468132601751e-03,2.941185272610447043e-03,1.123418334834594412e-02,-7.866853296614555874e-03,-1.139409370257709123e-03,-2.007566500119184472e-03,-7.421039293107583711e-04,-3.804389244909025716e-17,1.247230232418722353e-19
-2.296274939981388929e-01,-4.970726374119405211e-02,6.818074433453466532e-02,4.501873973071376066e-03,-7.592259726921218171e-03,3.546096989238397418e-02,1.065123377467887267e-01,-4.900253847157856266e-03,-5.433011820336099140e-04,2.941789239759802499e-03,-7.650492900399048779e-03,-1.496913550156449280e-01,-1.812088464938535481e-01,-2.317133568022862744e-01,3.098539272860547505e-02,1.109877641546570815e-01,-5.555849633590379671e-02,-1.459752993899812723e-02,3.933868654770414919e-01,-1.339176519405636812e-01,-2.971887099755940800e-02,4.643500125811637902e-02,4.248027455875601904e-02,1.414126247315407037e-01,2.468518276546532997e-02,2.386810949535390636e-01,6.798210310464158912e-02,1.078898409637403799e-01,4.318704131996305151e-02,-2.634876396666201159e-02,-1.506929727286059756e-02,-7.436047141885018807e-04,2.427089700077142420e-03,-3.826763520284467979e-02,1.237673093192673268e-02,2.329218886706502928e-02,-7.003887920743946671e-02,4.401515844991038540e-02,-1.386435989326339005e-02,-2.899894300742611453e-02,6.905135592622263507e-03,-6.968913210225372579e-01,-1.187826181023639016e-01,1.307252558609436344e-01,-2.590505103297591726e-03,5.321185939098647781e-03,-6.589527429618776723e-03,-2.684627609478682994e-03,-1.561200803302360308e-02,-5.245827598008376974e-04,1.118440162007713207e-02,3.044008926113062063e-03,7.521937689430463481e-03,-2.637833906322370470e-03,-1.334682875393182477e-02,5.889949880131174764e-03,3.350946294747142104e-03,3.517150298296072009e-03,1.242083447284290498e-03,2.890256183833343055e-17,-2.646382346536964722e-19
-1.704541907491995481e-02,-2.927512971297827494e-03,-2.357373443331733584e-02,7.024231332540810391e-02,-1.199122754961382820e-01,2.380754946846792286e-01,4.080380367485124671e-01,1.714973965386516752e-01,1.947170692504928136e-01,-3.375992943139002889e-02,-4.836124487048277382e-02,4.816677805961186443e-02,4.987688276404331211e-02,1.159382554344158683e-01,8.864954979483832126e-04,-1.515311756744146428e-02,-1.039465073312368162e-03,1.360284420749011819e-02,-4.877487704730216686e-03,-1.047937532413238670e-02,-2.578856723112819653e-03,-5.845484845344611768e-03,-6.248193681286928758e-04,-9.261521814131604136e-03,-2.848312425810829718e-03,-1.591457736453675068e-02,-8.574817181865257432e-03,6.662577600257822003e-03,-1.376158430214107983e-03,2.554234200782309894e-03,3.631104096210396870e-03,-2.547283571895063436e-03,-1.201800660474178217e-03,-1.682475421480086192e-03,5.523028570004542837e-04,-4.005132165125595278e-04,-2.557334699424328867e-03,9.257375131058688186e-04,7.415980499093921541e-04,-2.052808591842120167e-04,-4.503184556696813567e-04,3.637480266909933618e-03,1.965790661239798232e-02,2.023265035592176908e-02,-5.429720943123800270e-01,-6.086582305548915439e-01,1.522712677292990813e-02,-9.704824407853356906e-04,1.205405937232759128e-02,3.538917988741972775e-03,1.006252700811810508e-03,-2.584905995807164347e-03,1.355300552840421266e-03,-1.094650308749429632e-03,-1.885044804150401432e-04,3.270264734128638788e-04,3.403860495239849869e-03,3.005058145630623567e-04,6.164086363194152748e-05,-3.507096999838753755e-19,1.421529651644633618e-18
2.915060672052512958e-01,-1.812766885103676562e-01,9.099454722193497935e-02,-2.500828333496565858e-02,1.773895778966234210e-02,-1.588530479271467455e-03,1.533179760344587084e-02,5.054497859526956710e-02,5.886496914915684275e-02,1.120638651648865440e-02,-1.896839278046718452e-02,-6.474865209648478226e-02,-7.230502252322709711e-02,-1.118202240775536677e-01,6.540437775189381076e-05,-4.447613233463443283e-02,-4.530488041198340032e-01,-7.802345278442618381e-02,1.665093929907379006e-02,-7.234156645131398222e-02,1.304803172947478773e-01,-6.479430490942322818e-01,1.431339565770115008e-02,1.014406006672550695e-02,4.409471980124785029e-05,-3.713219475080373200e-02,-1.009115081289270813e-02,-1.008443899400632837e-01,4.190270947990566430e-01,-1.473011732664135723e-02,-1.666721932835805997e-02,4.474992802587618446e-03,3.264932430275313546e-03,-1.393115056090965531e-03,-1.241322563607649698e-04,-1.145839296735149532e-04,-1.521567924649483428e-03,-7.057947835491414079e-04,-3.047380716707535908e-03,-3.479934953145559506e-03,-3.975758820605954091e-03,6.914602658564525557e-03,-1.447875723271606005e-02,5.547231399787147521e-03,-6.300476862421302941e-04,-8.633223544214467526e-05,-3.844137576690755120e-03,-5.608810411104657792e-04,2.597529682708765719e-03,1.468716146441922943e-03,-1.056846757347018606e-03,2.043941517129631291e-03,1.443652032670203478e-03,-7.497912925447311472e-04,2.341093448352343787e-03,-2.341123269259601236e-04,-1.247219286336543817e-02,-1.774224266625282209e-05,4.391180729540613637e-04,-4.599442853933001164e-17,1.157253267414525393e-19
2.921093597167421230e-01,-1.743040543048130775e-01,1.094810068121723073e-01,-1.307415885744593782e-02,1.908960719853856902e-02,1.074345482808181269e-02,2.825126009737059102e-03,4.954969868706120273e-02,6.401641015354177233e-02,1.816081809062523172e-02,-3.734710251633627243e-02,-4.398941014308109521e-02,-6.782310239605020274e-02,-9.824843184588667733e-02,-8.149379099885195599e-03,-4.850877093883165098e-02,-3.728203222019328966e-01,-4.341294919819504300e-02,-4.824219686690732478e-02,2.158816737203848347e-04,3.258754182739971583e-02,-4.742310860094856029e-02,-1.380921340095264682e-03,1.629326228541519775e-02,9.642909488616208113e-03,9.585323769373002567e-02,2.755796197582205745e-02,1.932913085162266120e-01,-8.045824609848379882e-01,3.964261878981659853e-02,2.776512620339148876e-02,-1.556333271967048210e-02,8.679416813998155900e-04,5.843639822615293022e-03,2.042799181441470879e-03,9.130536394396180505e-04,5.004382447279263901e-03,-1.449726523041225054e-03,3.341428398639864628e-03,1.824020052703937550e-03,4.344964736033837815e-03,-9.632980664404112645e-03,1.702494698718300115e-02,-5.107474756192616205e-03,9.229100796729759922e-04,2.575740378433207054e-04,5.119504667754713051e-03,5.500445187458085153e-03,9.860142834565432945e-04,1.230606218838626448e-03,1.934809133543075044e-03,-3.045534322687844242e-03,-1.753417943984272864e-03,-3.071191700830963600e-03,-1.678437205757887796e-03,-9.823918425604753757e-04,6.093959255399759856e-03,4.830990954618127886e-05,4.329422912236358806e-05,7.469620990486732205e-17,-9.971598080674745936e-20
-1.705822386374842084e-02,-2.944789174693682003e-03,-2.356352153845106198e-02,7.023574439858071283e-02,-1.198604790966680128e-01,2.380992108820911002e-01,4.079643880960580060e-01,1.713828120708391634e-01,1.946117063481035414e-01,-3.376436402588706143e-02,-4.857690119039408116e-02,4.761261193365283473e-02,5.024788356342478612e-02,1.157484943722556225e-01,1.186554200990775493e-03,-1.524358096884224044e-02,-9.988238319148176614e-04,1.369996833390118435e-02,-4.994410235144205665e-03,-1.076450967459340741e-02,-2.965411034126799739e-03,-5.985949977076477843e-03,-1.180190991947743795e-03,-9.688256392407543216e-03,-3.261418013937956994e-03,-1.562616217580386352e-02,-8.116277220238162643e-03,6.667001349693600989e-03,-5.960762691533717534e-04,1.884921203414543361e-03,3.319131390885882160e-03,-1.114976557200310359e-03,-1.076733441360111510e-03,-2.597092686426653863e-03,-1.627753460335050473e-03,-1.827805605744341894e-03,-1.095886966539352803e-03,1.486701347649621325e-03,9.274337133365756491e-04,-3.296589324502705032e-03,1.513284109158407947e-03,1.887371515071223187e-03,-3.425200775034382972e-02,-3.132221570596675775e-02,7.978840700089820936e-01,-1.657397183963660592e-01,1.965251784567369903e-02,-4.062789341277165192e-04,-2.873502593978195189e-03,-3.366747132826225508e-05,-3.370644006333536891e-03,-3.480273141856921049e-04,8.397512825491504351e-04,2.931670811328643961e-03,-1.235333411956640592e-04,-2.438719315203758059e-04,-2.546979925308900244e-03,-1.153048067793760456e-04,-2.629265592892383180e-05,2.073825837506554770e-16,4.758612507745610210e-19
2.911826136680318311e-01,-1.812488207833997944e-01,8.766475068186703468e-02,-2.234921831380559665e-02,1.945309095284447273e-02,-6.545852260573453013e-03,1.617423447404744974e-02,4.735539820232566310e-02,6.138532133221063364e-02,1.145164212941643563e-02,-1.738119897334396494e-02,-4.531478068703578832e-02,-5.412659501450632626e-02,-6.970750596403993415e-02,6.956196207854206497e-03,1.529636033281901904e-02,2.198561190109935004e-02,1.670459842717715929e-03,-5.192068588075002093e-03,1.275511616351919855e-02,-2.838436195112534199e-02,3.060301500936045138e-01,-2.507840988660400838e-03,1.817495110328009450e-03,-8.126133901780154684e-03,-6.614333050802957345e-03,-6.168974597936810120e-03,-2.252545759640808484e-02,1.373356059263375062e-01,-1.114410941046570236e-02,-7.939215201787506310e-03,6.985662950734453092e-03,4.833965745106388878e-03,-3.074373697557503116e-03,-4.004544587711211800e-03,3.885874231925091210e-03,-4.245196762760590492e-03,5.064415188752719246e-03,-2.854122628933360856e-03,2.646211472360396333e-03,-8.748342030865552399e-03,-8.972816499578671612e-03,1.824861333986523351e-02,-5.416802772173101577e-03,-3.742945979367613609e-03,2.775531717842207903e-04,2.123962661186598253e-02,-2.951437250013237423e-01,-1.444488075971528396e-02,9.578997979521781947e-03,3.284347750687791057e-02,2.865918493714367937e-02,-3.128808613479676370e-02,5.883844397674016236e-01,-1.849981186468971639e-01,-1.018538061609437599e-02,-5.196280418157919190e-01,-9.490095443257826752e-03,1.846612816632893983e-03,-1.393413939778402933e-16,6.373669767129773248e-18
2.911852777648016866e-01,-1.808633906445349659e-01,8.859280022466407833e-02,-2.159620495585968039e-02,1.967508413756190525e-02,-5.238738179212068524e-03,1.535855230260990516e-02,4.659896576372275778e-02,6.184146437379897665e-02,1.300224328471576846e-02,-1.909820405642610741e-02,-4.546629881360260417e-02,-5.320665742405046583e-02,-6.973383553910088295e-02,8.548259826384159779e-03,8.903407717584028991e-03,7.848996002852191151e-03,-1.161043250527139456e-03,-7.510517716790770376e-03,1.133783824276668462e-02,-2.651563577613895439e-02,3.048963544233352918e-01,-3.420727566020020927e-03,2.080954458974014487e-03,-1.352032332894804317e-02,-7.698598495954829361e-03,-4.073392646519850141e-03,-3.037809337442754637e-02,1.543261238788808942e-01,-1.391619878018778012e-02,-1.009929274226714635e-02,4.797780271866957519e-03,-4.431645398565921268e-03,-5.140571003172944575e-04,1.738557088520026328e-03,-2.607753386705866094e-03,3.246765028482527515e-03,-9.718703901794197020e-04,-6.972547973918379050e-04,-3.441194744571624692e-03,1.801846190689962435e-02,-9.349921959458679793e-04,-1.146837253407654092e-02,-1.381211091315883571e-02,1.121306202699572270e-03,2.247236231097725270e-03,7.769803812895530876e-03,-2.201694050740557185e-01,-2.556212157570823124e-02,-1.676505122260464609e-02,2.175624266815306962e-03,-1.617081784591467564e-04,-5.564046803413318087e-02,1.139487776369032396e-01,-1.403165371808176853e-01,3.474636020602019093e-02,8.066429911466865832e-01,3.071192227039078876e-03,-2.273431968303204348e-03,6.778964567870295627e-16,-1.332626578538238286e-17
2.657794266247638371e-01,-1.656198394495641268e-01,7.945461591962961478e-02,-2.014095788614445742e-02,1.811573225164843023e-02,-6.012468088524396126e-03,1.483844850535829055e-02,4.344900623973329407e-02,5.566444006761397945e-02,1.054524775147002921e-02,-1.551813784299823154e-02,-4.158754319609454797e-02,-4.853202636480562909e-02,-6.298953732730780408e-02,6.719673893864823964e-03,1.001564525311994178e-02,1.335645781913392949e-02,1.757727263445543753e-03,-6.797190385489770142e-03,1.204859733217779859e-02,-2.570479276741769598e-02,2.869910292604707092e-01,-1.990490802059458053e-03,-1.717410430041059997e-03,-5.812810623374208008e-03,-7.468831128845989861e-03,-2.907022913406142814e-03,-2.438444809628506280e-02,1.385072669225427544e-01,-1.628502288466027875e-02,-7.133187936769730397e-03,3.272549084923710022e-03,-1.492257483070406898e-03,4.466084249104024240e-03,-1.236975671352183448e-03,1.156224769912811423e-03,1.152997320719127694e-03,1.117659693324474235e-03,9.758655344528733427e-03,3.607675759978185709e-03,-2.834145345107712266e-02,-5.897383533323632618e-03,-1.498195353351141658e-02,2.255579093328002882e-02,1.166748137880843032e-03,-2.082893740180268363e-03,-3.492864515845354317e-02,8.761474048386816982e-01,5.813480230669720167e-02,2.073026054345332089e-02,1.018663374567518876e-03,-3.765124944939711449e-03,8.030420640863511483e-04,-1.009408787443029365e-02,7.237868635496469416e-03,2.993589773429099904e-03,-5.409309215838525864e-02,1.442548238638853564e-03,-7.600681292307319382e-05,1.257191387866647333e-16,8.954229509496494714e-19
-2.283630567214202101e-01,-5.045600659018580070e-02,6.771314077101307782e-02,3.665907037557071535e-03,-9.402458214712585208e-03,4.420796092934961563e-02,1.142743629474405054e-01,-1.617596064955255375e-02,-7.087377734594085821e-04,-1.446285660649990895e-02,1.191555853903575324e-02,-2.209519532099463168e-01,-2.563081794164056015e-01,-3.978860069334108629e-01,1.386200557523358315e-02,6.853410258731981730e-02,8.156423011458524552e-03,-3.497190310286442394e-02,-6.255255792120111014e-02,1.878080630779069282e-02,6.125988541239318517e-04,1.582328718598279005e-02,-1.094675632471452387e-01,-2.953113466004511634e-01,-1.273499550164539085e-01,-6.267294301464063633e-01,-2.053827260099750085e-01,-2.386321144896098589e-01,-1.310233636598940044e-01,7.013267145655963097e-02,-2.489357224727359319e-02,8.470032131506083362e-02,2.425746939998185692e-02,1.418130189959695975e-02,9.157051990276804387e-03,6.078222287799368850e-04,-3.124611230669933903e-03,-2.350619487281178921e-02,3.639626641222799656e-03,7.157622176157306393e-03,5.201129443927338114e-03,-1.867523082197854178e-02,-4.223108776730913339e-02,2.098405997271294426e-02,-1.114925934900456213e-03,4.538493869757364869e-04,-1.834755525946808871e-03,-7.058217282511578677e-04,-3.557595071116399429e-03,2.175951597102071533e-03,-9.829023283409555473e-03,1.591702606164167866e-03,-5.146711720919378008e-03,-1.064691335431147690e-03,-1.057485784342268587e-03,-3.226422709254814225e-03,-1.054418797627010990e-03,7.334358023626877388e-04,-1.377609727848440064e-04,1.588374329931097003e-17,3.808443165494225171e-20
2.882496030680259391e-01,-2.030117240237016840e-01,2.629229397141782595e-02,-3.282773227539136779e-02,6.301388626581065633e-02,-4.947369099486896571e-02,5.411470601693709609e-02,9.143660245264706443e-02,3.174364995261814981e-02,4.904926652194066539e-03,7.136675421281610254e-02,-9.997210256505391357e-02,-4.436139657190768526e-02,-5.881750529148384310e-02,2.752199130640047009e-02,1.546575629261645046e-01,7.503424488225997058e-01,7.553400098515831995e-02,1.378007653990278025e-01,-8.777532833154581132e-04,-6.298158013877107331e-02,-4.357647199434171448e-01,1.107279979740903586e-02,2.612483363252618169e-03,2.101582379538500037e-02,1.679783081138652365e-02,3.271634148487594443e-03,3.868217170434634644e-02,-1.576285730176320010e-01,2.192291020730488538e-02,1.296194022961808662e-02,-1.352859703188945967e-02,2.926847587913089521e-04,-2.008120706234517439e-03,3.406535105386424012e-03,8.934266664667629698e-04,3.090393627873277982e-03,-1.434375544051420120e-03,-2.167306916257993876e-03,-2.713684516237130362e-03,-8.489680222184825542e-04,-3.475450880284132633e-03,4.412060444057966380e-03,-8.347012956640004200e-04,9.117666439175785981e-05,9.354598874366810285e-05,1.430298693508809393e-03,8.543813220122282309e-03,-7.045074663370148871e-03,-3.576200729360511522e-03,-3.426869020978218217e-05,2.241790587451386596e-04,7.869923854190996604e-05,3.996758306706232888e-03,-3.034971308635087128e-03,1.229597319484798668e-04,1.253226302620289237e-02,-6.907030893587259076e-04,-3.412857129537820401e-04,2.758905735502332673e-17,-1.513948339403615162e-19
-1.705488171958989205e-02,-2.987124886093529136e-03,-2.351841939855844887e-02,7.019031090768487746e-02,-1.198666991097782075e-01,2.379148857845717058e-01,4.078886773301584334e-01,1.714356215909473569e-01,1.944594371913657138e-01,-3.382098357924187559e-02,-4.848958163347141109e-02,4.771461528027862165e-02,4.991904656192536899e-02,1.157922059055705721e-01,1.029857456945828739e-03,-1.545549513349258469e-02,-1.130056417076832215e-03,1.371383927188331298e-02,-4.627535966429792424e-03,-1.058567805724599381e-02,-2.772166546094501603e-03,-5.657756794417103177e-03,-4.398353040340752251e-04,-9.249261232464722760e-03,-2.740623162931173085e-03,-1.536369973718357609e-02,-7.790196989787341597e-03,5.699316691700144488e-03,-1.142085382884535857e-03,2.446243263617343955e-03,3.208620277690192590e-03,6.591842579720813555e-04,-2.691116754414968337e-04,-1.686459985649417515e-03,-9.651015054237266355e-04,-1.763339027127518166e-03,-2.473495140106994616e-04,3.775081102395854392e-03,1.633213177891515433e-03,-1.135768712889478893e-03,1.607295945658286174e-03,1.210412189991049228e-02,1.969227662205723373e-02,8.153998720729652150e-03,-2.547084356690123563e-01,7.746869371058093812e-01,-3.459453417451373303e-02,1.515683361963161141e-03,-8.695131977947943153e-03,-4.630622471694018083e-03,1.820571830110112588e-03,-2.911555723901631913e-03,1.350563061823378819e-03,-1.064721333739337625e-03,4.208911844673923763e-04,-1.181975552965085436e-04,-8.444026986582789732e-04,-6.998778045053111185e-05,1.953207000126265525e-05,-2.093570747174636963e-16,-1.910197588521946476e-18
-5.333329819112955783e-03,-1.149003823819652777e-02,5.428012547957839114e-03,1.377202915012395827e-02,-1.123952562354434831e-02,6.750916215837293385e-03,1.606193392544984222e-02,4.011953720829571773e-03,9.361774279354074385e-04,-1.735014114663849596e-02,1.484429937024316082e-02,-5.314616119444947294e-03,5.749203177578415119e-03,-9.838404286252086517e-03,-3.253521540758561037e-02,1.692487694160833139e-02,4.351496528169608580e-03,-6.093681432402509035e-02,1.049150152404955058e-02,4.931461493727412951e-03,2.418161556149292252e-03,8.753322220563601250e-03,-1.651217309398120281e-02,-9.307199627101966910e-02,-1.764696656404052266e-03,1.907772082734109642e-01,2.169531652911363961e-01,-4.398831256347656149e-01,-7.141413883648629890e-02,1.234645054822847664e-02,7.224813383501781615e-03,-1.004296276402227711e-01,2.031934963566065303e-02,-5.724918798526486274e-02,-3.373497660154841510e-02,9.632508318752264209e-02,9.631615295580378544e-02,-6.100062833057163791e-01,-7.511506556475940066e-02,5.105647919449803895e-01,-9.237422793242069941e-02,-5.649237601276044241e-02,-1.279777780685246308e-02,-2.225647305316691763e-02,-7.577494669348453339e-04,2.995489154085957586e-03,2.742810191700756003e-02,-5.915172117652018127e-03,2.683286318916063701e-02,-2.469793601718355686e-02,-4.274370579802203723e-02,-1.013540561161465070e-01,5.661071421016267841e-02,1.012416243345418826e-02,6.430495164496240895e-03,1.178723786199375491e-02,1.087072033145296745e-03,-1.525836453765659628e-04,-6.879609113643774584e-04,2.178513253686110665e-17,1.577383713729741184e-19
-6.357809087295691365e-03,-1.747540893823230565e-02,9.872223428054570371e-03,1.927804004114474709e-02,-1.701427055780672243e-02,2.076818774194790656e-04,1.568671417725614470e-02,1.058584592349967254e-04,-9.028912982185660976e-03,-2.049537303654371673e-02,1.081268130430684295e-02,-8.116524374916001851e-04,4.215359901388818741e-03,4.085529299559008745e-03,-4.112707404200281053e-02,6.653509458674049248e-02,-1.218918841956120316e-03,-9.341945332445862615e-02,2.169698504795558938e-03,-1.832875423446978652e-02,-2.282890397299706942e-02,6.203601387021756217e-03,-2.044164999161361684e-02,-1.984801192259139369e-01,-6.784227766959488592e-02,2.479906471961086101e-01,3.592198110681890100e-01,-6.393399316618276762e-01,-1.117473202230379464e-01,5.403582012065531043e-02,1.966523992562313125e-02,-7.260519081659022600e-02,-1.083606189299612388e-01,8.041835513805178914e-02,-2.023570978580992857e-03,-2.819369845697095728e-02,-3.921818626855307077e-02,3.831664347363432643e-01,9.655526974746379831e-02,-3.635580534276547371e-01,5.663614257202625318e-02,2.138397255259811419e-02,4.015042048446206685e-02,8.590653281829537316e-03,1.704425392426025350e-03,-3.247398572398849971e-03,-1.987988299205207046e-02,3.956252111840477363e-03,-3.547541262545961943e-02,7.234998210425179314e-03,3.532630100274423979e-02,8.648326161592148967e-03,-1.049681109083359541e-03,5.795377336343840793e-03,1.091940797166279266e-02,-4.986426408975367860e-03,-1.622179181269763158e-03,-4.918212156258238918e-03,-1.200299750878035769e-04,-6.476001541695034466e-18,-1.163033180176580915e-20
-1.400542576616541687e-03,-1.951183628341072529e-03,-3.608184316244877790e-04,4.066363767177979052e-03,-3.628566373445736310e-03,4.294661823271313933e-03,5.064411909976973547e-03,1.149367618342297601e-03,2.233287882389840481e-03,-1.039440111991738781e-04,2.621505382650421000e-03,-2.673938689946406700e-03,1.036439363177832753e-03,-7.490947958921106986e-03,-6.913631360821220068e-03,-3.749016144758780464e-03,2.283376285462594257e-03,-5.050456580635457292e-03,1.861229079650171927e-03,-1.521580522926501387e-03,6.994179927955682238e-04,2.789464316287154199e-03,1.546684667932875668e-03,-5.832699816991132949e-03,9.289176088014248350e-03,2.710793072788026878e-02,2.460343455329219720e-02,-4.680077065356567229e-02,-8.796989795797547501e-03,-4.857287844653476565e-03,7.939588264570022168e-04,-1.428485707634540545e-02,2.654897794534417238e-02,-3.141623167626653862e-02,-1.684209010061993306e-02,1.535440910909511777e-02,2.091234370848393202e-03,-7.826962384820865259e-02,-1.528811809666429534e-03,5.463107689169555831e-02,-9.745347540141970771e-03,2.413356670200199122e-04,3.720297345001173043e-03,9.397393317562351828e-03,-7.663549990860158648e-04,5.260585953822361719e-04,-8.853561446001797369e-03,-1.140588842518873132e-03,1.345141815969296516e-02,2.147610845568864377e-02,-5.823138233338296874e-03,8.235636753880891670e-01,-5.433902853388450360e-01,-7.323977808973662629e-02,4.204467432077414052e-02,-5.024017984779380330e-02,-1.712984618446427784e-02,-3.781459166261779119e-03,-1.049108890036365557e-03,1.739425099206585965e-17,1.986091387336833020e-20
-2.047807268609007636e-01,-5.274466293475893464e-02,7.047407102179695237e-02,5.759076611871975955e-03,-4.883785329037836770e-03,3.664082569376397869e-02,1.174410801312326807e-01,2.780313891600684484e-02,-7.833463879279349562e-03,3.597480405354486210e-03,1.949817992902908720e-02,-1.534229255868131692e-01,-2.518730014935707251e-01,-3.209478774986433414e-01,3.296325961600553300e-02,-6.912020673798065229e-02,1.074188066678604808e-01,7.092026194246559348e-03,-6.969212645229116987e-01,2.357841069718101257e-01,3.657173016632662282e-02,-4.998449562857781164e-02,7.323831309497769171e-02,1.531970047552398129e-01,7.137658708819982767e-02,3.220917602786887435e-01,1.135925207533142189e-01,1.196922721622056540e-01,9.108318465007475551e-02,-4.043515277724517992e-02,1.577797198337248241e-03,-4.492841965712385255e-02,-2.151021492184074582e-02,1.751975934704962101e-03,1.726446521917543442e-03,-2.401167183989473888e-03,5.418997731959415004e-03,1.962519040812318177e-02,-1.117349277858165416e-02,-5.733541758174942951e-03,-1.106398366019897828e-02,1.442626584391930832e-02,4.798017293144701823e-02,-2.432026274144572647e-02,1.116069910815684074e-03,-4.352305928553942176e-04,2.055732883980952025e-03,7.782307290380579851e-04,1.644938367409466001e-03,-3.213674995579573340e-03,1.094722895898391293e-02,-3.255371505644637231e-03,4.656087042579082347e-03,2.554313846757361173e-05,-3.191814778974177980e-04,5.525624223947762925e-03,6.692305699277281000e-04,-1.445556286012783520e-03,-7.884853501882661993e-05,-8.795946902978910644e-18,3.060469495732831683e-20
1.405124433867465002e-02,7.004617010735898763e-02,1.001653317365752277e-01,-6.634445218420395030e-01,-7.177172921435157615e-01,-1.154552504354218467e-01,-1.868262860873495801e-02,-1.974940272451394113e-02,3.823602670379093460e-02,9.746658410624960134e-02,3.314073208071859067e-02,-2.208074339167340888e-02,-6.579756407781817834e-03,2.687754473856726958e-03,2.824405010052648962e-02,-1.813636098267849828e-02,2.604116820984228933e-02,-2.411135062998694817e-03,-3.226247643638036761e-04,-1.830150698583538071e-02,1.098415796082527658e-02,-7.134255662181138852e-03,1.152556156423667488e-02,5.285327548451679291e-03,1.266560077859295308e-03,-1.747969375320578694e-03,7.972195435604817471e-03,-4.646227322393128856e-03,-1.076285079185269195e-02,5.838574523833850449e-03,1.007772255528321947e-02,-2.116169396504719025e-03,4.457665435346508387e-03,2.184889976841991599e-03,-3.681266149525685982e-03,-1.603592826807106325e-03,2.365025886720113768e-03,-1.987110405295922089e-03,3.894440285434245998e-03,2.475900153590740449e-04,3.760418703790263661e-03,-1.334616450407676708e-03,2.327076705964915837e-03,4.792925621928401103e-04,1.383031137529387028e-04,-2.911538731235592883e-05,5.435663794451442432e-04,2.342922857002478418e-04,-1.708684595197532130e-04,-1.321709779753543756e-04,-4.439234589059815050e-04,6.473916106477239918e-04,1.149662770182607874e-03,-1.168318108120791621e-03,-7.571246272551901413e-04,-1.864677433941065721e-03,3.422673955737753904e-04,-6.365058702703652038e-04,-4.326866237690241146e-05,1.978033392211291994e-19,4.635065880271273717e-21
5.423193403620584635e-02,1.226647101989290639e-01,3.396342312421249954e-01,-8.757719035766416138e-02,1.944167542400419835e-03,2.587376496147020810e-01,-1.106961856565151642e-01,-3.329914959294143911e-02,-6.554454739312193245e-02,-8.328315629163793865e-01,2.762089021206569628e-01,-5.585977323874932732e-03,4.942168747219352620e-03,1.911528953390088589e-02,3.383001500744156620e-02,-2.133740570095882250e-03,5.399073831737984802e-03,3.691022039972655100e-02,2.661626437003315748e-03,-1.640376309347035821e-02,2.202538786352956773e-02,1.061554657723449632e-03,4.380897614513212801e-03,-1.576569887844478379e-03,7.159598323450533375e-03,4.359037779949254121e-03,-3.031705353539665415e-03,2.313096248263630389e-02,4.509709865279879631e-03,-2.818344936555416957e-03,1.606382183447968570e-03,-4.650106092662711910e-03,-3.145184817431104229e-04,-2.194788671259884083e-03,2.199577956812887036e-03,-2.735178666141702131e-04,-1.372554545832772865e-03,3.468569953485545199e-03,2.967015264638911409e-03,-2.040839064273450298e-03,3.616722774015736219e-03,-4.855476268836086268e-04,-1.379961576572767690e-03,2.698161181206998327e-04,-1.374774870069664368e-05,3.806626790301293611e-05,-7.624640833896537129e-05,-2.732492835341457458e-04,2.372083932247540106e-03,4.517137636982117288e-04,5.601747189460243304e-04,7.589304015630862765e-04,-1.553685241866248345e-03,-1.155635159122661570e-03,-2.453406426919116368e-03,1.083565563219073685e-03,5.034146474499978999e-04,1.081228305962907837e-03,-4.358888565225498783e-05,8.785807763813705135e-20,1.498779781276541019e-20
-1.388541480701809827e-01,-2.291013336079138485e-01,2.025062106845778309e-01,-5.914206190951347419e-02,7.333913661566052178e-02,-8.893592247505117954e-02,8.261203534639025015e-02,-8.906431807458599359e-02,-8.761924636392158516e-02,5.716948462485523311e-03,-6.220812171672963908e-02,-9.013828130459070054e-02,-1.920385235457136297e-01,3.709168526095700247e-01,4.367932615558716564e-03,-6.422106184726342204e-02,-3.858486681498475221e-03,1.409806502187603214e-02,3.588604208571519877e-03,-1.980193776617594076e-02,1.297414652437461902e-03,-7.289787756085092801e-03,-7.711938189099529217e-03,-1.473603606945641034e-02,-1.220752601898196510e-03,-4.895179440073110788e-02,-1.397630672032512678e-02,-6.009417510401991042e-03,-1.450702863971120235e-03,1.962454751088961447e-02,-5.908439748337934727e-03,-5.233125116561305676e-03,-1.060589750320631297e-02,-2.566099765790117587e-03,7.772277332295199348e-03,5.388695559450523698e-02,-1.403458647900880304e-02,3.075698369905059334e-02,7.767619136035769367e-03,2.267251537266810890e-02,-9.246124365921010169e-02,-1.189145787096908269e-01,2.616916756349976780e-01,-4.691279103161150044e-01,2.345449950740329231e-03,-2.186507373836195367e-02,-5.218295236988162999e-01,-1.189931247781812231e-02,1.257596456577508848e-01,-2.167816868283196641e-01,-4.180444946965761188e-03,2.350300855164310504e-02,2.548840691419153315e-02,8.418166021616584754e-03,1.255816025913486164e-02,-9.804452067238976498e-03,1.656978341074627666e-03,-1.749818533377849039e-03,4.817092208986786675e-04,3.792901927675181020e-17,-2.071336194096718993e-19
-1.350113582779742527e-01,-2.218024019212015419e-01,1.976853789469559808e-01,-5.626845701569131719e-02,7.308872044911385313e-02,-8.831687839054408462e-02,7.978197095427924657e-02,-8.092925169948760045e-02,-8.181511566833324367e-02,6.325635041629017533e-03,-5.748044728409530679e-02,-8.224445163561083794e-02,-1.884664183570365359e-01,3.618523006818458732e-01,5.538212107889982361e-03,-7.055895227964349703e-02,2.071802348029855127e-03,1.715999274824803883e-02,-2.438495134727495378e-02,-1.971736186358099066e-02,-2.399200620084335212e-03,-6.389933896373880054e-03,8.801439201488715780e-03,-8.687977427403608538e-03,1.539773226055492217e-02,-5.915705631776790874e-03,-1.085739294060425464e-02,-1.654787014899581493e-02,-7.135063754694801093e-03,-7.504088147278792365e-03,6.929419895380678485e-03,2.888346496075105876e-03,3.859748271635761452e-02,-7.668521152936990520e-03,-9.152194302994950958e-03,-5.606407269390356607e-02,2.324757781389448844e-02,-6.833846108723130863e-02,2.333237126253030064e-02,-1.218482634009004917e-03,8.535984319911679719e-02,5.121500972085533260e-02,-4.025467313288015603e-02,2.072163882457941642e-01,3.660520741476921969e-03,-7.901459779302226049e-04,1.982419505911572205e-02,8.014827919055502251e-03,-3.996775710670774640e-01,6.626831623735444099e-01,-6.375096123012084781e-02,-3.577270764501570832e-02,-3.009351492379754023e-02,-2.565168231135122462e-02,-4.845114257030069815e-02,6.721588441377351897e-03,-3.297159246305486451e-03,4.763503538558054584e-03,2.824540649411447094e-04,-3.107303119855958983e-17,2.225332817285748597e-19
-1.357616695359209202e-01,-2.237937536194684052e-01,1.982485302517597303e-01,-5.825657163103566821e-02,7.248035001310988712e-02,-8.746721211482533231e-02,7.871853444303021641e-02,-8.173364709854986920e-02,-8.386200701980697780e-02,6.610480392938029512e-03,-6.083157358192002595e-02,-8.070942594540554682e-02,-1.892679818694073257e-01,3.647889142382134131e-01,2.543833581586774084e-03,-6.579280797500677846e-02,2.768006111323563154e-03,1.153648147997295495e-02,-2.763915046017302243e-02,-2.283948388435747684e-02,-8.185293236349817925e-03,-7.524680561042450082e-03,1.209635360766300738e-02,-1.201439130837478678e-02,6.402490797870134809e-03,-8.789988110850278924e-03,-2.569236286057846597e-03,-1.555610095163425556e-02,-1.138618478460486950e-02,-5.217836739351291997e-03,-2.636210322232671044e-03,5.228251484679327654e-03,-1.882406126331184065e-02,7.643178288703797452e-03,5.137986355095713886e-03,-2.738506037850640951e-03,-3.631406804142413465e-03,1.965259481427017452e-02,-2.740752382176611657e-02,-1.676885086474565884e-02,1.077101497751602882e-02,8.527241223676156057e-02,-2.242585374883691307e-01,2.735192976153408284e-01,-5.662989783409072206e-03,2.280254912973503009e-02,5.124994982124971843e-01,3.790924695241171694e-03,2.692101467351006305e-01,-4.399144713900359771e-01,6.623834115109400456e-02,1.733339888377934818e-02,-2.274773231275839525e-04,1.786068642202722628e-02,3.853910685481655440e-02,1.047435675204586025e-04,1.226466609058032581e-03,-1.990325963819511434e-03,-7.149032997007048144e-04,-6.606850782111548073e-18,-4.221750199652118263e-20
0.000000000000000000e+00,0.000000000000000000e+00,0.000000000000000000e+00,0.000000000000000000e+00,0.000000000000000000e+00,0.000000000000000000e+00,0.000000000000000000e+00,0.000000000000000000e+00,0.000000000000000000e+00,0.000000000000000000e+00,0.000000000000000000e+00,0.000000000000000000e+00,0.000000000000000000e+00,0.000000000000000000e+00,0.000000000000000000e+00,0.000000000000000000e+00,0.000000000000000000e+00,0.000000000000000000e+00,0.000000000000000000e+00,0.000000000000000000e+00,0.000000000000000000e+00,0.000000000000000000e+00,0.000000000000000000e+00,0.000000000000000000e+00,0.000000000000000000e+00,0.000000000000000000e+00,0.000000000000000000e+00,0.000000000000000000e+00,0.000000000000000000e+00,0.000000000000000000e+00,0.000000000000000000e+00,0.000000000000000000e+00,0.000000000000000000e+00,0.000000000000000000e+00,0.000000000000000000e+00,0.000000000000000000e+00,0.000000000000000000e+00,0.000000000000000000e+00,0.000000000000000000e+00,0.000000000000000000e+00,0.000000000000000000e+00,0.000000000000000000e+00,0.000000000000000000e+00,0.000000000000000000e+00,0.000000000000000000e+00,0.000000000000000000e+00,0.000000000000000000e+00,0.000000000000000000e+00,0.000000000000000000e+00,0.000000000000000000e+00,0.000000000000000000e+00,0.000000000000000000e+00,0.000000000000000000e+00,0.000000000000000000e+00,0.000000000000000000e+00,0.000000000000000000e+00,0.000000000000000000e+00,0.000000000000000000e+00,0.000000000000000000e+00,-1.110223024625156540e-16,1.000000000000000000e+00
-1.786792236644187134e-05,-1.173656544535445380e-04,-3.707215860528262802e-05,2.468848873442181261e-04,-3.925617873836257862e-04,-3.134364718556095428e-04,-8.775418981820816270e-05,4.921789612697283298e-04,-4.992380629316279465e-04,-4.291978193558579867e-04,-6.491819439664915387e-04,-4.300928477286733659e-05,1.040025325894600806e-04,-1.249988044414575912e-04,-4.678347910530714971e-04,-1.001779457846525671e-04,4.421099132648076283e-04,3.609612900693019407e-04,1.027377691573754480e-04,7.224088569853474992e-04,1.652594670958693729e-04,1.851958995064014704e-04,-3.689513695255508497e-04,-2.251973559056829417e-04,1.004821639663113311e-05,-1.825079043776688830e-04,6.447407437304880943e-04,-3.850382621366315022e-04,-1.925183291466699912e-04,9.941354563995840818e-04,6.668325571460772270e-04,-1.437984547744411033e-03,1.089273717940680841e-03,-9.158558966529807381e-04,1.137535634667144642e-03,1.394323262025729719e-04,-8.506872030748396409e-04,2.218905943777790693e-04,-2.611959625098476956e-03,4.769283577589795032e-04,-1.004752315640029337e-03,1.913917460721192973e-03,3.157894187680000621e-04,1.827380242135115754e-03,1.625804912272058088e-04,5.062135654545778211e-06,-3.333430738429536124e-04,2.166075207127691625e-04,2.423183392847558010e-04,-7.453246896875595669e-04,-1.951314933973639313e-03,1.505298507161743557e-03,4.286701324305546143e-04,-4.607524091535588348e-04,-1.486835957137227755e-05,1.963341077892719576e-03,2.960792630245443792e-03,-7.155699059565540608e-03,9.999513491799966181e-01,4.018160398443908386e-16,-2.139444183021308275e-16
-2.285218564810993502e-01,-3.870046376945492916e-01,3.506430895464553443e-01,-1.227397197459722394e-01,1.194539225619856565e-01,-1.135174700950448423e-01,1.939092188465362243e-01,-8.675863512261408617e-02,-1.224383862462737338e-01,3.983414829093306214e-02,2.164312233333762214e-02,3.546164646877422721e-01,6.026960454611559603e-01,-2.796798950947078088e-01,2.829294589453058145e-02,-1.048140849402689340e-02,5.993399122081573965e-03,6.701146429878589161e-03,-4.711471353414530341e-03,2.727463878084522911e-02,1.843121191580918139e-02,-8.775227232870649874e-03,-8.313450288176260639e-03,-1.632498138325312598e-03,-9.377088673270410346e-03,-1.054561728162156653e-02,-7.867965258343739832e-03,1.016587220991759313e-02,2.406408516333926207e-03,2.057661816421554879e-02,1.482294317703969355e-02,2.012894234363278231e-03,-4.889596814223420851e-03,8.291088928721240814e-03,-2.136039526334260197e-03,1.368603090586131832e-03,3.474135284876845794e-03,3.410174384245484580e-03,-2.114207369871473619e-03,2.889135857975386190e-03,3.367375562510183107e-03,4.179509187306224005e-03,1.076783361830042918e-03,2.889719973810982168e-03,1.225905676063444166e-04,-5.365236376320852742e-05,-1.656103196399284772e-03,-2.232091304959701872e-06,7.599506282060172757e-04,1.400342078194897338e-04,-1.245317458926920029e-03,-5.816540707419548539e-04,-7.075734280367895757e-04,7.288942014952587423e-05,-4.166312417955495007e-04,6.389181685225592267e-04,-3.316301028403415702e-04,-4.624065809490096601e-04,-8.956463111187314141e-05,-5.278763126704195778e-19,2.712936456169518694e-20
